"vid","f1","comp_scale","pca_scale","dist","knn","na","donors","knn_tie","use_all","l","mean_abs_diff","n_cells_lt_0.03","n_departures"
127,"truth","none","none","euclid","lowclass","keep","122","lowclass",FALSE,0,0.00981901738917725,28,2
127,"union","none","none","euclid","lowclass","keep","122","lowclass",FALSE,0,0.00981901738917725,28,3
37,"truth","none","none","euclid","lowclass","drop","122","lowclass",FALSE,0,0.0141491475735295,26,1
37,"union","none","none","euclid","lowclass","drop","122","lowclass",FALSE,0,0.0141491475735295,26,2
91,"truth","none","none","euclid","random","keep","122","random",FALSE,0,0.0152730568079186,26,1
91,"union","none","none","euclid","random","keep","122","random",FALSE,0,0.0152730568079186,26,2
145,"truth","none","none","euclid","random_useall","keep","122","random",TRUE,0,0.0154027500129429,25,2
145,"union","none","none","euclid","random_useall","keep","122","random",TRUE,0,0.0154027500129429,25,3
109,"truth","none","none","euclid","nearest","keep","122","nearest",FALSE,0,0.0189411407119948,23,2
109,"union","none","none","euclid","nearest","keep","122","nearest",FALSE,0,0.0189411407119948,23,3
55,"truth","none","none","euclid","random_useall","drop","122","random",TRUE,0,0.0199493920137045,23,1
55,"union","none","none","euclid","random_useall","drop","122","random",TRUE,0,0.0199493920137045,23,2
265,"truth","none","none","euclid","lowclass","keep","124","lowclass",FALSE,0,0.020076600280057,24,3
265,"union","none","none","euclid","lowclass","keep","124","lowclass",FALSE,0,0.020076600280057,24,4
1,"truth","none","none","euclid","random","drop","122","random",FALSE,0,0.0206227992457071,23,0
1,"union","none","none","euclid","random","drop","122","random",FALSE,0,0.0206227992457071,23,1
241,"truth","none","none","euclid","random","keep","124","random",FALSE,0,0.0215093553151458,22,2
241,"union","none","none","euclid","random","keep","124","random",FALSE,0,0.0215093553151458,22,3
277,"truth","none","none","euclid","random_useall","keep","124","random",TRUE,0,0.0222341738805134,22,3
277,"union","none","none","euclid","random_useall","keep","124","random",TRUE,0,0.0222341738805134,22,4
19,"truth","none","none","euclid","nearest","drop","122","nearest",FALSE,0,0.0243462660873358,20,1
19,"union","none","none","euclid","nearest","drop","122","nearest",FALSE,0,0.0243462660873358,20,2
205,"truth","none","none","euclid","lowclass","drop","124","lowclass",FALSE,0,0.0247264645328412,21,2
205,"union","none","none","euclid","lowclass","drop","124","lowclass",FALSE,0,0.0247264645328412,21,3
253,"truth","none","none","euclid","nearest","keep","124","nearest",FALSE,0,0.0251366148340605,20,3
253,"union","none","none","euclid","nearest","keep","124","nearest",FALSE,0,0.0251366148340605,20,4
128,"truth","z","none","euclid","lowclass","keep","122","lowclass",FALSE,0,0.0253091720484819,22,3
128,"union","z","none","euclid","lowclass","keep","122","lowclass",FALSE,0,0.0253091720484819,22,4
181,"truth","none","none","euclid","random","drop","124","random",FALSE,0,0.0273487373226376,20,1
181,"union","none","none","euclid","random","drop","124","random",FALSE,0,0.0273487373226376,20,2
217,"truth","none","none","euclid","random_useall","drop","124","random",TRUE,0,0.0280300819704895,20,2
217,"union","none","none","euclid","random_useall","drop","124","random",TRUE,0,0.0280300819704895,20,3
129,"truth","z_obs","none","euclid","lowclass","keep","122","lowclass",FALSE,0,0.0285132375568159,21,3
129,"union","z_obs","none","euclid","lowclass","keep","122","lowclass",FALSE,0,0.0285132375568159,21,4
146,"truth","z","none","euclid","random_useall","keep","122","random",TRUE,0,0.0286138363273811,21,3
146,"union","z","none","euclid","random_useall","keep","122","random",TRUE,0,0.0286138363273811,21,4
92,"truth","z","none","euclid","random","keep","122","random",FALSE,0,0.0290902703250843,21,2
92,"union","z","none","euclid","random","keep","122","random",FALSE,0,0.0290902703250843,21,3
110,"truth","z","none","euclid","nearest","keep","122","nearest",FALSE,0,0.0299684786534347,20,3
110,"union","z","none","euclid","nearest","keep","122","nearest",FALSE,0,0.0299684786534347,20,4
91,"pred_only","none","none","euclid","random","keep","122","random",FALSE,0,0.0300080053884554,20,2
38,"truth","z","none","euclid","lowclass","drop","122","lowclass",FALSE,0,0.0300397411726366,20,2
38,"union","z","none","euclid","lowclass","drop","122","lowclass",FALSE,0,0.0300397411726366,20,3
93,"truth","z_obs","none","euclid","random","keep","122","random",FALSE,0,0.0304270663422409,21,2
93,"union","z_obs","none","euclid","random","keep","122","random",FALSE,0,0.0304270663422409,21,3
147,"truth","z_obs","none","euclid","random_useall","keep","122","random",TRUE,0,0.0304998782906143,21,3
147,"union","z_obs","none","euclid","random_useall","keep","122","random",TRUE,0,0.0304998782906143,21,4
127,"pred_only","none","none","euclid","lowclass","keep","122","lowclass",FALSE,0,0.0314220853954055,21,3
193,"truth","none","none","euclid","nearest","drop","124","nearest",FALSE,0,0.031477538831367,17,2
193,"union","none","none","euclid","nearest","drop","124","nearest",FALSE,0,0.031477538831367,17,3
145,"pred_only","none","none","euclid","random_useall","keep","122","random",TRUE,0,0.0316484589953356,20,3
127,"avgPR","none","none","euclid","lowclass","keep","122","lowclass",FALSE,0,0.0321468445027131,22,3
2,"truth","z","none","euclid","random","drop","122","random",FALSE,0,0.0335548125624186,18,1
2,"union","z","none","euclid","random","drop","122","random",FALSE,0,0.0335548125624186,18,2
111,"truth","z_obs","none","euclid","nearest","keep","122","nearest",FALSE,0,0.0337667224672019,20,3
111,"union","z_obs","none","euclid","nearest","keep","122","nearest",FALSE,0,0.0337667224672019,20,4
109,"pred_only","none","none","euclid","nearest","keep","122","nearest",FALSE,0,0.0341748569834984,21,3
39,"truth","z_obs","none","euclid","lowclass","drop","122","lowclass",FALSE,0,0.0342580523058634,19,2
39,"union","z_obs","none","euclid","lowclass","drop","122","lowclass",FALSE,0,0.0342580523058634,19,3
56,"truth","z","none","euclid","random_useall","drop","122","random",TRUE,0,0.0348471147203599,18,2
56,"union","z","none","euclid","random_useall","drop","122","random",TRUE,0,0.0348471147203599,18,3
20,"truth","z","none","euclid","nearest","drop","122","nearest",FALSE,0,0.0351646194608052,17,2
20,"union","z","none","euclid","nearest","drop","122","nearest",FALSE,0,0.0351646194608052,17,3
146,"pred_only","z","none","euclid","random_useall","keep","122","random",TRUE,0,0.0357349701599336,17,4
242,"truth","z","none","euclid","random","keep","124","random",FALSE,0,0.0357519607178746,18,3
242,"union","z","none","euclid","random","keep","124","random",FALSE,0,0.0357519607178746,18,4
37,"pred_only","none","none","euclid","lowclass","drop","122","lowclass",FALSE,0,0.0357522155797578,19,2
3,"truth","z_obs","none","euclid","random","drop","122","random",FALSE,0,0.0358531453329704,18,1
3,"union","z_obs","none","euclid","random","drop","122","random",FALSE,0,0.0358531453329704,18,2
55,"pred_only","none","none","euclid","random_useall","drop","122","random",TRUE,0,0.0359058010449971,18,2
1,"pred_only","none","none","euclid","random","drop","122","random",FALSE,0,0.0359364424711613,19,1
37,"avgPR","none","none","euclid","lowclass","drop","122","lowclass",FALSE,0,0.0359900646988064,20,2
57,"truth","z_obs","none","euclid","random_useall","drop","122","random",TRUE,0,0.036101002496839,18,2
57,"union","z_obs","none","euclid","random_useall","drop","122","random",TRUE,0,0.036101002496839,18,3
91,"avgPR","none","none","euclid","random","keep","122","random",FALSE,0,0.036226752756259,20,2
266,"truth","z","none","euclid","lowclass","keep","124","lowclass",FALSE,0,0.0362922944437557,19,4
266,"union","z","none","euclid","lowclass","keep","124","lowclass",FALSE,0,0.0362922944437557,19,5
92,"pred_only","z","none","euclid","random","keep","122","random",FALSE,0,0.0369120368858781,18,3
254,"truth","z","none","euclid","nearest","keep","124","nearest",FALSE,0,0.0370263074524071,18,4
254,"union","z","none","euclid","nearest","keep","124","nearest",FALSE,0,0.0370263074524071,18,5
241,"pred_only","none","none","euclid","random","keep","124","random",FALSE,0,0.037029184175326,18,3
278,"truth","z","none","euclid","random_useall","keep","124","random",TRUE,0,0.0372108128183648,17,4
278,"union","z","none","euclid","random_useall","keep","124","random",TRUE,0,0.0372108128183648,17,5
145,"avgPR","none","none","euclid","random_useall","keep","122","random",TRUE,0,0.0376195527493631,18,3
147,"pred_only","z_obs","none","euclid","random_useall","keep","122","random",TRUE,0,0.0376531981996721,18,4
265,"avgPR","none","none","euclid","lowclass","keep","124","lowclass",FALSE,0,0.0379059727615931,17,4
21,"truth","z_obs","none","euclid","nearest","drop","122","nearest",FALSE,0,0.0381684987250116,17,2
21,"union","z_obs","none","euclid","nearest","drop","122","nearest",FALSE,0,0.0381684987250116,17,3
133,"truth","none","zafter","euclid","lowclass","keep","122","lowclass",FALSE,0,0.0382871948244261,15,3
133,"union","none","zafter","euclid","lowclass","keep","122","lowclass",FALSE,0,0.0382871948244261,15,4
110,"pred_only","z","none","euclid","nearest","keep","122","nearest",FALSE,0,0.0383533608574838,18,4
151,"truth","none","zafter","euclid","random_useall","keep","122","random",TRUE,0,0.0386148250807268,14,3
151,"union","none","zafter","euclid","random_useall","keep","122","random",TRUE,0,0.0386148250807268,14,4
277,"pred_only","none","none","euclid","random_useall","keep","124","random",TRUE,0,0.0386550549640256,18,4
97,"truth","none","zafter","euclid","random","keep","122","random",FALSE,0,0.0387595910527291,13,2
97,"union","none","zafter","euclid","random","keep","122","random",FALSE,0,0.0387595910527291,13,3
93,"pred_only","z_obs","none","euclid","random","keep","122","random",FALSE,0,0.0388018581431923,18,3
129,"pred_only","z_obs","none","euclid","lowclass","keep","122","lowclass",FALSE,0,0.0389968904999803,16,4
94,"truth","none","zbefore","euclid","random","keep","122","random",FALSE,0,0.0392194722773908,15,2
94,"union","none","zbefore","euclid","random","keep","122","random",FALSE,0,0.0392194722773908,15,3
281,"truth","none","zafter","euclid","random_useall","keep","124","random",TRUE,0,0.0393212789948405,13,4
281,"union","none","zafter","euclid","random_useall","keep","124","random",TRUE,0,0.0393212789948405,13,5
243,"truth","none","zbefore","euclid","random","keep","124","random",FALSE,0,0.0394088037324294,13,3
243,"union","none","zbefore","euclid","random","keep","124","random",FALSE,0,0.0394088037324294,13,4
148,"truth","none","zbefore","euclid","random_useall","keep","122","random",TRUE,0,0.0395377755565452,14,3
148,"union","none","zbefore","euclid","random_useall","keep","122","random",TRUE,0,0.0395377755565452,14,4
19,"pred_only","none","none","euclid","nearest","drop","122","nearest",FALSE,0,0.0395799823588394,18,2
163,"truth","none","none","euclid","random_l3","keep","122","random",FALSE,3,0.0396141141014544,15,2
163,"union","none","none","euclid","random_l3","keep","122","random",FALSE,3,0.0396141141014544,15,3
267,"truth","none","zbefore","euclid","lowclass","keep","124","lowclass",FALSE,0,0.039664471752943,15,4
267,"union","none","zbefore","euclid","lowclass","keep","124","lowclass",FALSE,0,0.039664471752943,15,5
130,"truth","none","zbefore","euclid","lowclass","keep","122","lowclass",FALSE,0,0.0396835233730894,15,3
130,"union","none","zbefore","euclid","lowclass","keep","122","lowclass",FALSE,0,0.0396835233730894,15,4
279,"truth","none","zbefore","euclid","random_useall","keep","124","random",TRUE,0,0.0399691722829243,15,4
279,"union","none","zbefore","euclid","random_useall","keep","124","random",TRUE,0,0.0399691722829243,15,5
241,"avgPR","none","none","euclid","random","keep","124","random",FALSE,0,0.0402736307231324,15,3
265,"pred_only","none","none","euclid","lowclass","keep","124","lowclass",FALSE,0,0.04029383378652,20,4
275,"truth","none","zafter","cosine","lowclass","keep","124","lowclass",FALSE,0,0.0403685945314053,12,5
275,"union","none","zafter","cosine","lowclass","keep","124","lowclass",FALSE,0,0.0403685945314053,12,6
287,"truth","none","zafter","cosine","random_useall","keep","124","random",TRUE,0,0.0404235172317593,11,5
287,"union","none","zafter","cosine","random_useall","keep","124","random",TRUE,0,0.0404235172317593,11,6
160,"truth","none","zafter","cosine","random_useall","keep","122","random",TRUE,0,0.0404476028314943,12,4
160,"union","none","zafter","cosine","random_useall","keep","122","random",TRUE,0,0.0404476028314943,12,5
245,"truth","none","zafter","euclid","random","keep","124","random",FALSE,0,0.0404645374983436,13,3
245,"union","none","zafter","euclid","random","keep","124","random",FALSE,0,0.0404645374983436,13,4
142,"truth","none","zafter","cosine","lowclass","keep","122","lowclass",FALSE,0,0.0404770785935667,12,4
142,"union","none","zafter","cosine","lowclass","keep","122","lowclass",FALSE,0,0.0404770785935667,12,5
277,"avgPR","none","none","euclid","random_useall","keep","124","random",TRUE,0,0.040485357890607,15,4
269,"truth","none","zafter","euclid","lowclass","keep","124","lowclass",FALSE,0,0.0406380916930042,14,4
269,"union","none","zafter","euclid","lowclass","keep","124","lowclass",FALSE,0,0.0406380916930042,14,5
163,"pred_only","none","none","euclid","random_l3","keep","122","random",FALSE,3,0.0407302341784846,19,3
106,"truth","none","zafter","cosine","random","keep","122","random",FALSE,0,0.0407366804179913,12,3
106,"union","none","zafter","cosine","random","keep","122","random",FALSE,0,0.0407366804179913,12,4
128,"avgPR","z","none","euclid","lowclass","keep","122","lowclass",FALSE,0,0.0409298456834514,18,4
251,"truth","none","zafter","cosine","random","keep","124","random",FALSE,0,0.0409521927537785,11,4
251,"union","none","zafter","cosine","random","keep","124","random",FALSE,0,0.0409521927537785,11,5
247,"truth","none","none","cosine","random","keep","124","random",FALSE,0,0.0410862667564213,12,3
247,"union","none","none","cosine","random","keep","124","random",FALSE,0,0.0410862667564213,12,4
206,"truth","z","none","euclid","lowclass","drop","124","lowclass",FALSE,0,0.0413163503447524,16,3
206,"union","z","none","euclid","lowclass","drop","124","lowclass",FALSE,0,0.0413163503447524,16,4
253,"pred_only","none","none","euclid","nearest","keep","124","nearest",FALSE,0,0.0413535922496942,17,4
283,"truth","none","none","cosine","random_useall","keep","124","random",TRUE,0,0.041372929099924,12,4
283,"union","none","none","cosine","random_useall","keep","124","random",TRUE,0,0.041372929099924,12,5
100,"truth","none","none","cosine","random","keep","122","random",FALSE,0,0.0414536304268571,12,2
100,"union","none","none","cosine","random","keep","122","random",FALSE,0,0.0414536304268571,12,3
128,"pred_only","z","none","euclid","lowclass","keep","122","lowclass",FALSE,0,0.0415687321002092,15,4
154,"truth","none","none","cosine","random_useall","keep","122","random",TRUE,0,0.04160354158698,11,3
154,"union","none","none","cosine","random_useall","keep","122","random",TRUE,0,0.04160354158698,11,4
218,"truth","z","none","euclid","random_useall","drop","124","random",TRUE,0,0.0416356561829387,16,3
218,"union","z","none","euclid","random_useall","drop","124","random",TRUE,0,0.0416356561829387,16,4
112,"truth","none","zbefore","euclid","nearest","keep","122","nearest",FALSE,0,0.0417663836040845,14,3
112,"union","none","zbefore","euclid","nearest","keep","122","nearest",FALSE,0,0.0417663836040845,14,4
109,"avgPR","none","none","euclid","nearest","keep","122","nearest",FALSE,0,0.0418260482000627,15,3
263,"truth","none","zafter","cosine","nearest","keep","124","nearest",FALSE,0,0.0418424350447189,12,5
263,"union","none","zafter","cosine","nearest","keep","124","nearest",FALSE,0,0.0418424350447189,12,6
136,"truth","none","none","cosine","lowclass","keep","122","lowclass",FALSE,0,0.0419201875503729,13,3
136,"union","none","none","cosine","lowclass","keep","122","lowclass",FALSE,0,0.0419201875503729,13,4
55,"avgPR","none","none","euclid","random_useall","drop","122","random",TRUE,0,0.0419417911250047,16,2
255,"truth","none","zbefore","euclid","nearest","keep","124","nearest",FALSE,0,0.0420244172390297,12,4
255,"union","none","zbefore","euclid","nearest","keep","124","nearest",FALSE,0,0.0420244172390297,12,5
242,"pred_only","z","none","euclid","random","keep","124","random",FALSE,0,0.0421456011824402,14,4
2,"pred_only","z","none","euclid","random","drop","122","random",FALSE,0,0.0421789933523195,14,2
182,"truth","z","none","euclid","random","drop","124","random",FALSE,0,0.0422182288941202,16,2
182,"union","z","none","euclid","random","drop","124","random",FALSE,0,0.0422182288941202,16,3
111,"pred_only","z_obs","none","euclid","nearest","keep","122","nearest",FALSE,0,0.0422251004396383,18,4
115,"truth","none","zafter","euclid","nearest","keep","122","nearest",FALSE,0,0.0423191380548553,12,3
115,"union","none","zafter","euclid","nearest","keep","122","nearest",FALSE,0,0.0423191380548553,12,4
124,"truth","none","zafter","cosine","nearest","keep","122","nearest",FALSE,0,0.042483874631042,13,4
124,"union","none","zafter","cosine","nearest","keep","122","nearest",FALSE,0,0.042483874631042,13,5
146,"avgPR","z","none","euclid","random_useall","keep","122","random",TRUE,0,0.0426178160641237,17,4
271,"truth","none","none","cosine","lowclass","keep","124","lowclass",FALSE,0,0.0426215129808243,13,4
271,"union","none","none","cosine","lowclass","keep","124","lowclass",FALSE,0,0.0426215129808243,13,5
1,"avgPR","none","none","euclid","random","drop","122","random",FALSE,0,0.0426763217652293,16,1
181,"pred_only","none","none","euclid","random","drop","124","random",FALSE,0,0.0427658755037281,16,2
165,"truth","z_obs","none","euclid","random_l3","keep","122","random",FALSE,3,0.0428958687034445,15,3
165,"union","z_obs","none","euclid","random_l3","keep","122","random",FALSE,3,0.0428958687034445,15,4
205,"avgPR","none","none","euclid","lowclass","drop","124","lowclass",FALSE,0,0.0429122932522718,14,3
56,"pred_only","z","none","euclid","random_useall","drop","122","random",TRUE,0,0.0430196248409794,14,3
58,"truth","none","zbefore","euclid","random_useall","drop","122","random",TRUE,0,0.0430476021827218,14,2
58,"union","none","zbefore","euclid","random_useall","drop","122","random",TRUE,0,0.0430476021827218,14,3
118,"truth","none","none","cosine","nearest","keep","122","nearest",FALSE,0,0.0430532413434587,12,3
118,"union","none","none","cosine","nearest","keep","122","nearest",FALSE,0,0.0430532413434587,12,4
4,"truth","none","zbefore","euclid","random","drop","122","random",FALSE,0,0.0430612011124817,14,1
4,"union","none","zbefore","euclid","random","drop","122","random",FALSE,0,0.0430612011124817,14,2
40,"truth","none","zbefore","euclid","lowclass","drop","122","lowclass",FALSE,0,0.0431112497287253,14,2
40,"union","none","zbefore","euclid","lowclass","drop","122","lowclass",FALSE,0,0.0431112497287253,14,3
194,"truth","z","none","euclid","nearest","drop","124","nearest",FALSE,0,0.0431592966265537,15,3
194,"union","z","none","euclid","nearest","drop","124","nearest",FALSE,0,0.0431592966265537,15,4
259,"truth","none","none","cosine","nearest","keep","124","nearest",FALSE,0,0.0432765437592868,12,4
259,"union","none","none","cosine","nearest","keep","124","nearest",FALSE,0,0.0432765437592868,12,5
57,"pred_only","z_obs","none","euclid","random_useall","drop","122","random",TRUE,0,0.0432888464178148,15,3
43,"truth","none","zafter","euclid","lowclass","drop","122","lowclass",FALSE,0,0.0433046137360535,15,2
43,"union","none","zafter","euclid","lowclass","drop","122","lowclass",FALSE,0,0.0433046137360535,15,3
278,"pred_only","z","none","euclid","random_useall","keep","124","random",TRUE,0,0.043431856595555,13,5
217,"pred_only","none","none","euclid","random_useall","drop","124","random",TRUE,0,0.0435103169799334,16,3
20,"pred_only","z","none","euclid","nearest","drop","122","nearest",FALSE,0,0.0435495016648544,15,3
257,"truth","none","zafter","euclid","nearest","keep","124","nearest",FALSE,0,0.0435822378518037,9,4
257,"union","none","zafter","euclid","nearest","keep","124","nearest",FALSE,0,0.0435822378518037,9,5
3,"pred_only","z_obs","none","euclid","random","drop","122","random",FALSE,0,0.0436074261773676,14,2
92,"avgPR","z","none","euclid","random","keep","122","random",FALSE,0,0.0439351462486451,16,3
207,"truth","none","zbefore","euclid","lowclass","drop","124","lowclass",FALSE,0,0.0440498772420795,14,3
207,"union","none","zbefore","euclid","lowclass","drop","124","lowclass",FALSE,0,0.0440498772420795,14,4
164,"pred_only","z","none","euclid","random_l3","keep","122","random",FALSE,3,0.0440617357266838,16,4
61,"truth","none","zafter","euclid","random_useall","drop","122","random",TRUE,0,0.0442302603319651,13,2
61,"union","none","zafter","euclid","random_useall","drop","122","random",TRUE,0,0.0442302603319651,13,3
219,"truth","none","zbefore","euclid","random_useall","drop","124","random",TRUE,0,0.0442629358497688,13,3
219,"union","none","zbefore","euclid","random_useall","drop","124","random",TRUE,0,0.0442629358497688,13,4
183,"truth","none","zbefore","euclid","random","drop","124","random",FALSE,0,0.0443845137809673,13,2
183,"union","none","zbefore","euclid","random","drop","124","random",FALSE,0,0.0443845137809673,13,3
164,"truth","z","none","euclid","random_l3","keep","122","random",FALSE,3,0.0444878917734121,15,3
164,"union","z","none","euclid","random_l3","keep","122","random",FALSE,3,0.0444878917734121,15,4
253,"avgPR","none","none","euclid","nearest","keep","124","nearest",FALSE,0,0.0445649928722025,13,4
7,"truth","none","zafter","euclid","random","drop","122","random",FALSE,0,0.0445766687592505,14,1
7,"union","none","zafter","euclid","random","drop","122","random",FALSE,0,0.0445766687592505,14,2
39,"pred_only","z_obs","none","euclid","lowclass","drop","122","lowclass",FALSE,0,0.0447417052490277,14,3
165,"pred_only","z_obs","none","euclid","random_l3","keep","122","random",FALSE,3,0.0449401391314345,16,4
205,"pred_only","none","none","euclid","lowclass","drop","124","lowclass",FALSE,0,0.0449436980393041,17,3
129,"avgPR","z_obs","none","euclid","lowclass","keep","122","lowclass",FALSE,0,0.0449553481874754,17,4
139,"truth","none","zbefore","cosine","lowclass","keep","122","lowclass",FALSE,0,0.0452171003414312,11,4
139,"union","none","zbefore","cosine","lowclass","keep","122","lowclass",FALSE,0,0.0452171003414312,11,5
38,"avgPR","z","none","euclid","lowclass","drop","122","lowclass",FALSE,0,0.0452726542447344,16,3
147,"avgPR","z_obs","none","euclid","random_useall","keep","122","random",TRUE,0,0.0452963051805674,17,4
73,"pred_only","none","none","euclid","random_l3","drop","122","random",FALSE,3,0.0455177140342578,19,2
273,"truth","none","zbefore","cosine","lowclass","keep","124","lowclass",FALSE,0,0.0456168005852805,10,5
273,"union","none","zbefore","cosine","lowclass","keep","124","lowclass",FALSE,0,0.0456168005852805,10,6
73,"truth","none","none","euclid","random_l3","drop","122","random",FALSE,3,0.0457619257874792,15,1
73,"union","none","none","euclid","random_l3","drop","122","random",FALSE,3,0.0457619257874792,15,2
93,"avgPR","z_obs","none","euclid","random","keep","122","random",FALSE,0,0.0459279251681628,17,3
221,"truth","none","zafter","euclid","random_useall","drop","124","random",TRUE,0,0.045929570413901,13,3
221,"union","none","zafter","euclid","random_useall","drop","124","random",TRUE,0,0.045929570413901,13,4
64,"truth","none","none","cosine","random_useall","drop","122","random",TRUE,0,0.0459885886539669,12,2
64,"union","none","none","cosine","random_useall","drop","122","random",TRUE,0,0.0459885886539669,12,3
217,"avgPR","none","none","euclid","random_useall","drop","124","random",TRUE,0,0.0460348891104868,14,3
209,"truth","none","zafter","euclid","lowclass","drop","124","lowclass",FALSE,0,0.0461279833089674,13,3
209,"union","none","zafter","euclid","lowclass","drop","124","lowclass",FALSE,0,0.0461279833089674,13,4
185,"truth","none","zafter","euclid","random","drop","124","random",FALSE,0,0.0462609731337368,12,2
185,"union","none","zafter","euclid","random","drop","124","random",FALSE,0,0.0462609731337368,12,3
10,"truth","none","none","cosine","random","drop","122","random",FALSE,0,0.0462764697969444,11,1
10,"union","none","none","cosine","random","drop","122","random",FALSE,0,0.0462764697969444,11,2
38,"pred_only","z","none","euclid","lowclass","drop","122","lowclass",FALSE,0,0.0462993012243639,13,3
16,"truth","none","zafter","cosine","random","drop","122","random",FALSE,0,0.046329832718074,12,2
16,"union","none","zafter","cosine","random","drop","122","random",FALSE,0,0.046329832718074,12,3
19,"avgPR","none","none","euclid","nearest","drop","122","nearest",FALSE,0,0.0463343275175,13,2
215,"truth","none","zafter","cosine","lowclass","drop","124","lowclass",FALSE,0,0.0463446535284985,12,4
215,"union","none","zafter","cosine","lowclass","drop","124","lowclass",FALSE,0,0.0463446535284985,12,5
285,"truth","none","zbefore","cosine","random_useall","keep","124","random",TRUE,0,0.0463741507971429,11,5
285,"union","none","zbefore","cosine","random_useall","keep","124","random",TRUE,0,0.0463741507971429,11,6
52,"truth","none","zafter","cosine","lowclass","drop","122","lowclass",FALSE,0,0.0463818350382917,12,3
52,"union","none","zafter","cosine","lowclass","drop","122","lowclass",FALSE,0,0.0463818350382917,12,4
254,"pred_only","z","none","euclid","nearest","keep","124","nearest",FALSE,0,0.0463903685837414,15,5
181,"avgPR","none","none","euclid","random","drop","124","random",FALSE,0,0.0464008283523212,14,2
187,"truth","none","none","cosine","random","drop","124","random",FALSE,0,0.0465522333442242,11,2
187,"union","none","none","cosine","random","drop","124","random",FALSE,0,0.0465522333442242,11,3
227,"truth","none","zafter","cosine","random_useall","drop","124","random",TRUE,0,0.0466076402868545,12,4
227,"union","none","zafter","cosine","random_useall","drop","124","random",TRUE,0,0.0466076402868545,12,5
21,"pred_only","z_obs","none","euclid","nearest","drop","122","nearest",FALSE,0,0.046626876697448,15,3
70,"truth","none","zafter","cosine","random_useall","drop","122","random",TRUE,0,0.0466513855763016,12,3
70,"union","none","zafter","cosine","random_useall","drop","122","random",TRUE,0,0.0466513855763016,12,4
110,"avgPR","z","none","euclid","nearest","keep","122","nearest",FALSE,0,0.0466835762839296,15,4
191,"truth","none","zafter","cosine","random","drop","124","random",FALSE,0,0.0467853136927779,11,3
191,"union","none","zafter","cosine","random","drop","124","random",FALSE,0,0.0467853136927779,11,4
223,"truth","none","none","cosine","random_useall","drop","124","random",TRUE,0,0.0469346343635339,11,3
223,"union","none","none","cosine","random_useall","drop","124","random",TRUE,0,0.0469346343635339,11,4
289,"pred_only","none","none","euclid","random_l3","keep","124","random",FALSE,3,0.0469686180033206,16,4
157,"truth","none","zbefore","cosine","random_useall","keep","122","random",TRUE,0,0.0470804811803533,11,4
157,"union","none","zbefore","cosine","random_useall","keep","122","random",TRUE,0,0.0470804811803533,11,5
103,"truth","none","zbefore","cosine","random","keep","122","random",FALSE,0,0.0471929410593433,11,3
103,"union","none","zbefore","cosine","random","keep","122","random",FALSE,0,0.0471929410593433,11,4
289,"truth","none","none","euclid","random_l3","keep","124","random",FALSE,3,0.0473282833994716,13,3
289,"union","none","none","euclid","random_l3","keep","124","random",FALSE,3,0.0473282833994716,13,4
46,"truth","none","none","cosine","lowclass","drop","122","lowclass",FALSE,0,0.047344721782142,12,2
46,"union","none","none","cosine","lowclass","drop","122","lowclass",FALSE,0,0.047344721782142,12,3
249,"truth","none","zbefore","cosine","random","keep","124","random",FALSE,0,0.0474251883881382,9,4
249,"union","none","zbefore","cosine","random","keep","124","random",FALSE,0,0.0474251883881382,9,5
261,"truth","none","zbefore","cosine","nearest","keep","124","nearest",FALSE,0,0.0476866881969345,11,5
261,"union","none","zbefore","cosine","nearest","keep","124","nearest",FALSE,0,0.0476866881969345,11,6
193,"pred_only","none","none","euclid","nearest","drop","124","nearest",FALSE,0,0.0476945162470007,14,3
121,"truth","none","zbefore","cosine","nearest","keep","122","nearest",FALSE,0,0.0478403408085283,12,4
121,"union","none","zbefore","cosine","nearest","keep","122","nearest",FALSE,0,0.0478403408085283,12,5
22,"truth","none","zbefore","euclid","nearest","drop","122","nearest",FALSE,0,0.0478935957927811,13,2
22,"union","none","zbefore","euclid","nearest","drop","122","nearest",FALSE,0,0.0478935957927811,13,3
2,"avgPR","z","none","euclid","random","drop","122","random",FALSE,0,0.0479153312186635,14,2
143,"truth","z","zafter","cosine","lowclass","keep","122","lowclass",FALSE,0,0.0480068403987588,11,5
143,"union","z","zafter","cosine","lowclass","keep","122","lowclass",FALSE,0,0.0480068403987588,11,6
211,"truth","none","none","cosine","lowclass","drop","124","lowclass",FALSE,0,0.0481382364095262,12,3
211,"union","none","none","cosine","lowclass","drop","124","lowclass",FALSE,0,0.0481382364095262,12,4
218,"pred_only","z","none","euclid","random_useall","drop","124","random",TRUE,0,0.0482410895934325,12,4
242,"avgPR","z","none","euclid","random","keep","124","random",FALSE,0,0.0483229935178145,13,4
195,"truth","none","zbefore","euclid","nearest","drop","124","nearest",FALSE,0,0.0483418865737995,12,3
195,"union","none","zbefore","euclid","nearest","drop","124","nearest",FALSE,0,0.0483418865737995,12,4
75,"truth","z_obs","none","euclid","random_l3","drop","122","random",FALSE,3,0.0484119747451374,15,2
75,"union","z_obs","none","euclid","random_l3","drop","122","random",FALSE,3,0.0484119747451374,15,3
276,"truth","z","zafter","cosine","lowclass","keep","124","lowclass",FALSE,0,0.0486764373898662,11,6
276,"union","z","zafter","cosine","lowclass","keep","124","lowclass",FALSE,0,0.0486764373898662,11,7
144,"truth","z_obs","zafter","cosine","lowclass","keep","122","lowclass",FALSE,0,0.0487072691404046,9,5
144,"union","z_obs","zafter","cosine","lowclass","keep","122","lowclass",FALSE,0,0.0487072691404046,9,6
56,"avgPR","z","none","euclid","random_useall","drop","122","random",TRUE,0,0.0488024593841768,14,3
102,"truth","z_obs","none","cosine","random","keep","122","random",FALSE,0,0.0488484494853354,10,3
102,"union","z_obs","none","cosine","random","keep","122","random",FALSE,0,0.0488484494853354,10,4
182,"pred_only","z","none","euclid","random","drop","124","random",FALSE,0,0.0489224709303605,12,3
203,"truth","none","zafter","cosine","nearest","drop","124","nearest",FALSE,0,0.0490674915208583,11,4
203,"union","none","zafter","cosine","nearest","drop","124","nearest",FALSE,0,0.0490674915208583,11,5
108,"truth","z_obs","zafter","cosine","random","keep","122","random",FALSE,0,0.0490873127939028,10,4
108,"union","z_obs","zafter","cosine","random","keep","122","random",FALSE,0,0.0490873127939028,10,5
28,"truth","none","none","cosine","nearest","drop","122","nearest",FALSE,0,0.0491729412802686,11,2
28,"union","none","none","cosine","nearest","drop","122","nearest",FALSE,0,0.0491729412802686,11,3
133,"avgPR","none","zafter","euclid","lowclass","keep","122","lowclass",FALSE,0,0.049184423080384,13,4
155,"truth","z","none","cosine","random_useall","keep","122","random",TRUE,0,0.0492007338157268,10,4
155,"union","z","none","cosine","random_useall","keep","122","random",TRUE,0,0.0492007338157268,10,5
74,"pred_only","z","none","euclid","random_l3","drop","122","random",FALSE,3,0.0492076392322942,15,3
25,"truth","none","zafter","euclid","nearest","drop","122","nearest",FALSE,0,0.0493011723328879,12,2
25,"union","none","zafter","euclid","nearest","drop","122","nearest",FALSE,0,0.0493011723328879,12,3
252,"truth","z","zafter","cosine","random","keep","124","random",FALSE,0,0.0493340199930453,10,5
252,"union","z","zafter","cosine","random","keep","124","random",FALSE,0,0.0493340199930453,10,6
137,"truth","z","none","cosine","lowclass","keep","122","lowclass",FALSE,0,0.049449949355565,12,4
137,"union","z","none","cosine","lowclass","keep","122","lowclass",FALSE,0,0.049449949355565,12,5
162,"truth","z_obs","zafter","cosine","random_useall","keep","122","random",TRUE,0,0.0494718166339922,10,5
162,"union","z_obs","zafter","cosine","random_useall","keep","122","random",TRUE,0,0.0494718166339922,10,6
34,"truth","none","zafter","cosine","nearest","drop","122","nearest",FALSE,0,0.0495165731081532,12,3
34,"union","none","zafter","cosine","nearest","drop","122","nearest",FALSE,0,0.0495165731081532,12,4
267,"avgPR","none","zbefore","euclid","lowclass","keep","124","lowclass",FALSE,0,0.0495798217031974,13,5
199,"truth","none","none","cosine","nearest","drop","124","nearest",FALSE,0,0.0495927694818609,11,3
199,"union","none","none","cosine","nearest","drop","124","nearest",FALSE,0,0.0495927694818609,11,4
156,"truth","z_obs","none","cosine","random_useall","keep","122","random",TRUE,0,0.0496396221837221,10,4
156,"union","z_obs","none","cosine","random_useall","keep","122","random",TRUE,0,0.0496396221837221,10,5
266,"avgPR","z","none","euclid","lowclass","keep","124","lowclass",FALSE,0,0.0496737844334046,12,5
288,"truth","z","zafter","cosine","random_useall","keep","124","random",TRUE,0,0.0496903219208111,10,6
288,"union","z","zafter","cosine","random_useall","keep","124","random",TRUE,0,0.0496903219208111,10,7
266,"pred_only","z","none","euclid","lowclass","keep","124","lowclass",FALSE,0,0.049715976761806,14,5
279,"avgPR","none","zbefore","euclid","random_useall","keep","124","random",TRUE,0,0.049810449446123,12,5
243,"avgPR","none","zbefore","euclid","random","keep","124","random",FALSE,0,0.0498703739236182,12,4
278,"avgPR","z","none","euclid","random_useall","keep","124","random",TRUE,0,0.0498704375834538,13,5
107,"truth","z","zafter","cosine","random","keep","122","random",FALSE,0,0.0499425521751737,9,4
107,"union","z","zafter","cosine","random","keep","122","random",FALSE,0,0.0499425521751737,9,5
97,"avgPR","none","zafter","euclid","random","keep","122","random",FALSE,0,0.0500144123474176,11,3
197,"truth","none","zafter","euclid","nearest","drop","124","nearest",FALSE,0,0.0500349159364417,9,3
197,"union","none","zafter","euclid","nearest","drop","124","nearest",FALSE,0,0.0500349159364417,9,4
138,"truth","z_obs","none","cosine","lowclass","keep","122","lowclass",FALSE,0,0.0501503780972107,10,4
138,"union","z_obs","none","cosine","lowclass","keep","122","lowclass",FALSE,0,0.0501503780972107,10,5
74,"truth","z","none","euclid","random_l3","drop","122","random",FALSE,3,0.0501508674409311,15,2
74,"union","z","none","euclid","random_l3","drop","122","random",FALSE,3,0.0501508674409311,15,3
101,"truth","z","none","cosine","random","keep","122","random",FALSE,0,0.0501948614280605,10,3
101,"union","z","none","cosine","random","keep","122","random",FALSE,0,0.0501948614280605,10,4
111,"avgPR","z_obs","none","euclid","nearest","keep","122","nearest",FALSE,0,0.0502008365192129,15,4
248,"truth","z","none","cosine","random","keep","124","random",FALSE,0,0.0502625715401872,9,4
248,"union","z","none","cosine","random","keep","124","random",FALSE,0,0.0502625715401872,9,5
39,"avgPR","z_obs","none","euclid","lowclass","drop","122","lowclass",FALSE,0,0.050277850937008,15,3
75,"pred_only","z_obs","none","euclid","random_l3","drop","122","random",FALSE,3,0.0503087804494266,15,3
151,"avgPR","none","zafter","euclid","random_useall","keep","122","random",TRUE,0,0.050384822361579,11,4
161,"truth","z","zafter","cosine","random_useall","keep","122","random",TRUE,0,0.0505059102568038,9,5
161,"union","z","zafter","cosine","random_useall","keep","122","random",TRUE,0,0.0505059102568038,9,6
290,"pred_only","z","none","euclid","random_l3","keep","124","random",FALSE,3,0.05075659846412,13,5
20,"avgPR","z","none","euclid","nearest","drop","122","nearest",FALSE,0,0.0508785266706986,13,3
272,"truth","z","none","cosine","lowclass","keep","124","lowclass",FALSE,0,0.0509293558392851,12,5
272,"union","z","none","cosine","lowclass","keep","124","lowclass",FALSE,0,0.0509293558392851,12,6
193,"avgPR","none","none","euclid","nearest","drop","124","nearest",FALSE,0,0.0509775084144071,10,3
130,"avgPR","none","zbefore","euclid","lowclass","keep","122","lowclass",FALSE,0,0.0509805862417747,13,4
281,"avgPR","none","zafter","euclid","random_useall","keep","124","random",TRUE,0,0.0510034580084742,11,5
229,"pred_only","none","none","euclid","random_l3","drop","124","random",FALSE,3,0.0510079384922734,16,3
284,"truth","z","none","cosine","random_useall","keep","124","random",TRUE,0,0.0510235821698395,9,5
284,"union","z","none","cosine","random_useall","keep","124","random",TRUE,0,0.0510235821698395,9,6
94,"avgPR","none","zbefore","euclid","random","keep","122","random",FALSE,0,0.0513573679692002,10,3
148,"avgPR","none","zbefore","euclid","random_useall","keep","122","random",TRUE,0,0.0514404442829623,11,4
57,"avgPR","z_obs","none","euclid","random_useall","drop","122","random",TRUE,0,0.0516968659053522,13,3
3,"avgPR","z_obs","none","euclid","random","drop","122","random",FALSE,0,0.0517373978460304,14,2
49,"truth","none","zbefore","cosine","lowclass","drop","122","lowclass",FALSE,0,0.0518842395829968,11,3
49,"union","none","zbefore","cosine","lowclass","drop","122","lowclass",FALSE,0,0.0518842395829968,11,4
152,"truth","z","zafter","euclid","random_useall","keep","122","random",TRUE,0,0.0519195933741426,10,4
152,"union","z","zafter","euclid","random_useall","keep","122","random",TRUE,0,0.0519195933741426,10,5
254,"avgPR","z","none","euclid","nearest","keep","124","nearest",FALSE,0,0.0520207872350068,12,5
269,"avgPR","none","zafter","euclid","lowclass","keep","124","lowclass",FALSE,0,0.0520697006317679,10,5
213,"truth","none","zbefore","cosine","lowclass","drop","124","lowclass",FALSE,0,0.0523638817392333,10,4
213,"union","none","zbefore","cosine","lowclass","drop","124","lowclass",FALSE,0,0.0523638817392333,10,5
194,"pred_only","z","none","euclid","nearest","drop","124","nearest",FALSE,0,0.052523357757888,12,4
245,"avgPR","none","zafter","euclid","random","keep","124","random",FALSE,0,0.052561254280233,9,4
98,"truth","z","zafter","euclid","random","keep","122","random",FALSE,0,0.0526192550532695,8,3
98,"union","z","zafter","euclid","random","keep","122","random",FALSE,0,0.0526192550532695,8,4
290,"truth","z","none","euclid","random_l3","keep","124","random",FALSE,3,0.0526709756127145,13,4
290,"union","z","none","euclid","random_l3","keep","124","random",FALSE,3,0.0526709756127145,13,5
140,"truth","z","zbefore","cosine","lowclass","keep","122","lowclass",FALSE,0,0.0527468621466233,10,5
140,"union","z","zbefore","cosine","lowclass","keep","122","lowclass",FALSE,0,0.0527468621466233,10,6
113,"truth","z","zbefore","euclid","nearest","keep","122","nearest",FALSE,0,0.0527937215455243,11,4
113,"union","z","zbefore","euclid","nearest","keep","122","nearest",FALSE,0,0.0527937215455243,11,5
229,"truth","none","none","euclid","random_l3","drop","124","random",FALSE,3,0.0528180875450949,13,2
229,"union","none","none","euclid","random_l3","drop","124","random",FALSE,3,0.0528180875450949,13,3
67,"truth","none","zbefore","cosine","random_useall","drop","122","random",TRUE,0,0.0528459904017434,12,3
67,"union","none","zbefore","cosine","random_useall","drop","122","random",TRUE,0,0.0528459904017434,12,4
95,"truth","z","zbefore","euclid","random","keep","122","random",FALSE,0,0.052880116412215,9,3
95,"union","z","zbefore","euclid","random","keep","122","random",FALSE,0,0.052880116412215,9,4
143,"avgPR","z","zafter","cosine","lowclass","keep","122","lowclass",FALSE,0,0.0529751801243001,8,6
108,"pred_only","z_obs","zafter","cosine","random","keep","122","random",FALSE,0,0.0531050234265145,9,5
112,"avgPR","none","zbefore","euclid","nearest","keep","122","nearest",FALSE,0,0.0531629346239394,8,4
149,"truth","z","zbefore","euclid","random_useall","keep","122","random",TRUE,0,0.05328016520302,9,4
149,"union","z","zbefore","euclid","random_useall","keep","122","random",TRUE,0,0.05328016520302,9,5
116,"truth","z","zafter","euclid","nearest","keep","122","nearest",FALSE,0,0.0533464759962951,9,4
116,"union","z","zafter","euclid","nearest","keep","122","nearest",FALSE,0,0.0533464759962951,9,5
141,"truth","z_obs","zbefore","cosine","lowclass","keep","122","lowclass",FALSE,0,0.0534472908882691,8,5
141,"union","z_obs","zbefore","cosine","lowclass","keep","122","lowclass",FALSE,0,0.0534472908882691,8,6
18,"truth","z_obs","zafter","cosine","random","drop","122","random",FALSE,0,0.0534552866463759,10,3
18,"union","z_obs","zafter","cosine","random","drop","122","random",FALSE,0,0.0534552866463759,10,4
54,"truth","z_obs","zafter","cosine","lowclass","drop","122","lowclass",FALSE,0,0.0534623345144102,9,4
54,"union","z_obs","zafter","cosine","lowclass","drop","122","lowclass",FALSE,0,0.0534623345144102,9,5
115,"avgPR","none","zafter","euclid","nearest","keep","122","nearest",FALSE,0,0.0534623614657633,8,4
12,"truth","z_obs","none","cosine","random","drop","122","random",FALSE,0,0.0534680225708338,10,2
12,"union","z_obs","none","cosine","random","drop","122","random",FALSE,0,0.0534680225708338,10,3
225,"truth","none","zbefore","cosine","random_useall","drop","124","random",TRUE,0,0.0535179693141692,10,4
225,"union","none","zbefore","cosine","random_useall","drop","124","random",TRUE,0,0.0535179693141692,10,5
283,"pred_only","none","none","cosine","random_useall","keep","124","random",TRUE,0,0.053541075124621,11,5
275,"avgPR","none","zafter","cosine","lowclass","keep","124","lowclass",FALSE,0,0.0536126661156635,9,6
66,"truth","z_obs","none","cosine","random_useall","drop","122","random",TRUE,0,0.0536509063008005,10,3
66,"union","z_obs","none","cosine","random_useall","drop","122","random",TRUE,0,0.0536509063008005,10,4
13,"truth","none","zbefore","cosine","random","drop","122","random",FALSE,0,0.0536687858228164,11,2
13,"union","none","zbefore","cosine","random","drop","122","random",FALSE,0,0.0536687858228164,11,3
287,"pred_only","none","zafter","cosine","random_useall","keep","124","random",TRUE,0,0.0537477726525031,8,6
189,"truth","none","zbefore","cosine","random","drop","124","random",FALSE,0,0.0537721900907676,9,3
189,"union","none","zbefore","cosine","random","drop","124","random",FALSE,0,0.0537721900907676,9,4
134,"truth","z","zafter","euclid","lowclass","keep","122","lowclass",FALSE,0,0.0537773494837308,9,4
134,"union","z","zafter","euclid","lowclass","keep","122","lowclass",FALSE,0,0.0537773494837308,9,5
255,"avgPR","none","zbefore","euclid","nearest","keep","124","nearest",FALSE,0,0.0537776364945769,9,5
252,"avgPR","z","zafter","cosine","random","keep","124","random",FALSE,0,0.0538646178068087,8,6
276,"avgPR","z","zafter","cosine","lowclass","keep","124","lowclass",FALSE,0,0.0539033264842135,7,7
256,"truth","z","zbefore","euclid","nearest","keep","124","nearest",FALSE,0,0.0539141098573763,10,5
256,"union","z","zbefore","euclid","nearest","keep","124","nearest",FALSE,0,0.0539141098573763,10,6
274,"truth","z","zbefore","cosine","lowclass","keep","124","lowclass",FALSE,0,0.0539246434437414,9,6
274,"union","z","zbefore","cosine","lowclass","keep","124","lowclass",FALSE,0,0.0539246434437414,9,7
244,"truth","z","zbefore","euclid","random","keep","124","random",FALSE,0,0.0540179235276487,10,4
244,"union","z","zbefore","euclid","random","keep","124","random",FALSE,0,0.0540179235276487,10,5
288,"avgPR","z","zafter","cosine","random_useall","keep","124","random",TRUE,0,0.054126076148696,8,7
153,"truth","z_obs","zafter","euclid","random_useall","keep","122","random",TRUE,0,0.0541717960341179,9,4
153,"union","z_obs","zafter","euclid","random_useall","keep","122","random",TRUE,0,0.0541717960341179,9,5
102,"pred_only","z_obs","none","cosine","random","keep","122","random",FALSE,0,0.0542220649346993,9,4
165,"avgPR","z_obs","none","euclid","random_l3","keep","122","random",FALSE,3,0.0542387915494161,8,4
107,"avgPR","z","zafter","cosine","random","keep","122","random",FALSE,0,0.054263226518112,8,5
180,"pred_only","z_obs","zafter","cosine","random_l3","keep","122","random",FALSE,3,0.0542874685868413,9,6
43,"avgPR","none","zafter","euclid","lowclass","drop","122","lowclass",FALSE,0,0.0543550660667013,12,3
207,"avgPR","none","zbefore","euclid","lowclass","drop","124","lowclass",FALSE,0,0.0543584479435937,12,4
48,"truth","z_obs","none","cosine","lowclass","drop","122","lowclass",FALSE,0,0.0544252212582606,9,3
48,"union","z_obs","none","cosine","lowclass","drop","122","lowclass",FALSE,0,0.0544252212582606,9,4
21,"avgPR","z_obs","none","euclid","nearest","drop","122","nearest",FALSE,0,0.054452366564027,13,3
40,"avgPR","none","zbefore","euclid","lowclass","drop","122","lowclass",FALSE,0,0.0544551949247731,13,3
163,"avgPR","none","none","euclid","random_l3","keep","122","random",FALSE,3,0.0544980927034557,10,3
142,"avgPR","none","zafter","cosine","lowclass","keep","122","lowclass",FALSE,0,0.0545051226686741,8,5
161,"avgPR","z","zafter","cosine","random_useall","keep","122","random",TRUE,0,0.0545102618887216,8,6
72,"truth","z_obs","zafter","cosine","random_useall","drop","122","random",TRUE,0,0.0545524099851305,11,4
72,"union","z_obs","zafter","cosine","random_useall","drop","122","random",TRUE,0,0.0545524099851305,11,5
251,"pred_only","none","zafter","cosine","random","keep","124","random",FALSE,0,0.0545989476230508,8,5
246,"truth","z","zafter","euclid","random","keep","124","random",FALSE,0,0.0546591905795029,9,4
246,"union","z","zafter","euclid","random","keep","124","random",FALSE,0,0.0546591905795029,9,5
219,"avgPR","none","zbefore","euclid","random_useall","drop","124","random",TRUE,0,0.0546963059469939,11,4
58,"avgPR","none","zbefore","euclid","random_useall","drop","122","random",TRUE,0,0.0547171475822101,11,3
206,"pred_only","z","none","euclid","lowclass","drop","124","lowclass",FALSE,0,0.0547400326628027,11,4
162,"pred_only","z_obs","zafter","cosine","random_useall","keep","122","random",TRUE,0,0.0547406075167542,7,6
31,"truth","none","zbefore","cosine","nearest","drop","122","nearest",FALSE,0,0.0547605405680073,11,3
31,"union","none","zbefore","cosine","nearest","drop","122","nearest",FALSE,0,0.0547605405680073,11,4
96,"truth","z_obs","zbefore","euclid","random","keep","122","random",FALSE,0,0.0547640922162145,9,3
96,"union","z_obs","zbefore","euclid","random","keep","122","random",FALSE,0,0.0547640922162145,9,4
53,"truth","z","zafter","cosine","lowclass","drop","122","lowclass",FALSE,0,0.0547725032480264,9,4
53,"union","z","zafter","cosine","lowclass","drop","122","lowclass",FALSE,0,0.0547725032480264,9,5
65,"truth","z","none","cosine","random_useall","drop","122","random",TRUE,0,0.0547746478091474,9,3
65,"union","z","none","cosine","random_useall","drop","122","random",TRUE,0,0.0547746478091474,9,4
201,"truth","none","zbefore","cosine","nearest","drop","124","nearest",FALSE,0,0.0547859460785194,10,4
201,"union","none","zbefore","cosine","nearest","drop","124","nearest",FALSE,0,0.0547859460785194,10,5
280,"truth","z","zbefore","euclid","random_useall","keep","124","random",TRUE,0,0.0548046227255764,9,5
280,"union","z","zbefore","euclid","random_useall","keep","124","random",TRUE,0,0.0548046227255764,9,6
218,"avgPR","z","none","euclid","random_useall","drop","124","random",TRUE,0,0.0548188220286646,11,4
282,"truth","z","zafter","euclid","random_useall","keep","124","random",TRUE,0,0.0548418157268561,9,5
282,"union","z","zafter","euclid","random_useall","keep","124","random",TRUE,0,0.0548418157268561,9,6
155,"avgPR","z","none","cosine","random_useall","keep","122","random",TRUE,0,0.054908444858916,10,5
287,"avgPR","none","zafter","cosine","random_useall","keep","124","random",TRUE,0,0.0549289266553142,10,6
150,"truth","z_obs","zbefore","euclid","random_useall","keep","122","random",TRUE,0,0.0550509469474361,10,4
150,"union","z_obs","zbefore","euclid","random_useall","keep","122","random",TRUE,0,0.0550509469474361,10,5
11,"truth","z","none","cosine","random","drop","122","random",FALSE,0,0.0550699868847365,9,2
11,"union","z","none","cosine","random","drop","122","random",FALSE,0,0.0550699868847365,9,3
247,"pred_only","none","none","cosine","random","keep","124","random",FALSE,0,0.0550817717614444,10,4
183,"avgPR","none","zbefore","euclid","random","drop","124","random",FALSE,0,0.0550943727368063,11,3
182,"avgPR","z","none","euclid","random","drop","124","random",FALSE,0,0.0551414230873878,11,3
206,"avgPR","z","none","euclid","lowclass","drop","124","lowclass",FALSE,0,0.0551509739894371,9,4
251,"avgPR","none","zafter","cosine","random","keep","124","random",FALSE,0,0.0551563752644697,10,5
126,"truth","z_obs","zafter","cosine","nearest","keep","122","nearest",FALSE,0,0.055170795443135,9,5
126,"union","z_obs","zafter","cosine","nearest","keep","122","nearest",FALSE,0,0.055170795443135,9,6
156,"pred_only","z_obs","none","cosine","random_useall","keep","122","random",TRUE,0,0.0551735209807659,8,5
131,"truth","z","zbefore","euclid","lowclass","keep","122","lowclass",FALSE,0,0.0551736780323941,9,4
131,"union","z","zbefore","euclid","lowclass","keep","122","lowclass",FALSE,0,0.0551736780323941,9,5
106,"pred_only","none","zafter","cosine","random","keep","122","random",FALSE,0,0.0551814367941437,9,4
144,"avgPR","z_obs","zafter","cosine","lowclass","keep","122","lowclass",FALSE,0,0.055202703980336,5,6
154,"pred_only","none","none","cosine","random_useall","keep","122","random",TRUE,0,0.0552041886560788,10,4
101,"avgPR","z","none","cosine","random","keep","122","random",FALSE,0,0.0552171067007304,10,4
108,"avgPR","z_obs","zafter","cosine","random","keep","122","random",FALSE,0,0.0552390365460811,8,5
164,"avgPR","z","none","euclid","random_l3","keep","122","random",FALSE,3,0.0552717650032987,10,4
99,"truth","z_obs","zafter","euclid","random","keep","122","random",FALSE,0,0.055273598067663,8,3
99,"union","z_obs","zafter","euclid","random","keep","122","random",FALSE,0,0.055273598067663,8,4
160,"avgPR","none","zafter","cosine","random_useall","keep","122","random",TRUE,0,0.0552972521898856,9,5
160,"pred_only","none","zafter","cosine","random_useall","keep","122","random",TRUE,0,0.0553008321632538,8,5
71,"truth","z","zafter","cosine","random_useall","drop","122","random",TRUE,0,0.0553349453524735,9,4
71,"union","z","zafter","cosine","random_useall","drop","122","random",TRUE,0,0.0553349453524735,9,5
100,"pred_only","none","none","cosine","random","keep","122","random",FALSE,0,0.0553455834858096,11,3
4,"avgPR","none","zbefore","euclid","random","drop","122","random",FALSE,0,0.0553740264510585,11,2
257,"avgPR","none","zafter","euclid","nearest","keep","124","nearest",FALSE,0,0.0553831382964727,7,5
230,"pred_only","z","none","euclid","random_l3","drop","124","random",FALSE,3,0.0553884420205083,12,4
104,"truth","z","zbefore","cosine","random","keep","122","random",FALSE,0,0.0554134607958837,8,4
104,"union","z","zbefore","cosine","random","keep","122","random",FALSE,0,0.0554134607958837,8,5
216,"truth","z","zafter","cosine","lowclass","drop","124","lowclass",FALSE,0,0.055425021337773,9,5
216,"union","z","zafter","cosine","lowclass","drop","124","lowclass",FALSE,0,0.055425021337773,9,6
264,"truth","z","zafter","cosine","nearest","keep","124","nearest",FALSE,0,0.055438726588687,8,6
264,"union","z","zafter","cosine","nearest","keep","124","nearest",FALSE,0,0.055438726588687,8,7
258,"truth","z","zafter","euclid","nearest","keep","124","nearest",FALSE,0,0.0554719304701503,7,5
258,"union","z","zafter","euclid","nearest","keep","124","nearest",FALSE,0,0.0554719304701503,7,6
106,"avgPR","none","zafter","cosine","random","keep","122","random",FALSE,0,0.0554993056753198,10,4
125,"truth","z","zafter","cosine","nearest","keep","122","nearest",FALSE,0,0.0555351099424489,9,5
125,"union","z","zafter","cosine","nearest","keep","122","nearest",FALSE,0,0.0555351099424489,9,6
61,"avgPR","none","zafter","euclid","random_useall","drop","122","random",TRUE,0,0.0555767414372298,10,3
248,"avgPR","z","none","cosine","random","keep","124","random",FALSE,0,0.0556184669943185,10,5
284,"avgPR","z","none","cosine","random_useall","keep","124","random",TRUE,0,0.0556254125046533,10,6
158,"truth","z","zbefore","cosine","random_useall","keep","122","random",TRUE,0,0.0557036582058649,8,5
158,"union","z","zbefore","cosine","random_useall","keep","122","random",TRUE,0,0.0557036582058649,8,6
162,"avgPR","z_obs","zafter","cosine","random_useall","keep","122","random",TRUE,0,0.0557060570299795,8,6
47,"truth","z","none","cosine","lowclass","drop","122","lowclass",FALSE,0,0.0557353899918768,9,3
47,"union","z","none","cosine","lowclass","drop","122","lowclass",FALSE,0,0.0557353899918768,9,4
120,"truth","z_obs","none","cosine","nearest","keep","122","nearest",FALSE,0,0.0557401621555517,8,4
120,"union","z_obs","none","cosine","nearest","keep","122","nearest",FALSE,0,0.0557401621555517,8,5
137,"avgPR","z","none","cosine","lowclass","keep","122","lowclass",FALSE,0,0.0558013036989053,11,5
152,"avgPR","z","zafter","euclid","random_useall","keep","122","random",TRUE,0,0.0558325479659276,8,5
268,"truth","z","zbefore","euclid","lowclass","keep","124","lowclass",FALSE,0,0.0558801659166416,10,5
268,"union","z","zbefore","euclid","lowclass","keep","124","lowclass",FALSE,0,0.0558801659166416,10,6
105,"truth","z_obs","zbefore","cosine","random","keep","122","random",FALSE,0,0.0559274047657376,8,4
105,"union","z_obs","zbefore","cosine","random","keep","122","random",FALSE,0,0.0559274047657376,8,5
59,"truth","z","zbefore","euclid","random_useall","drop","122","random",TRUE,0,0.0560295965949272,9,3
59,"union","z","zbefore","euclid","random_useall","drop","122","random",TRUE,0,0.0560295965949272,9,4
286,"truth","z","zbefore","cosine","random_useall","keep","124","random",TRUE,0,0.0560392466514055,8,6
286,"union","z","zbefore","cosine","random_useall","keep","124","random",TRUE,0,0.0560392466514055,8,7
159,"truth","z_obs","zbefore","cosine","random_useall","keep","122","random",TRUE,0,0.0560536653273131,10,5
159,"union","z_obs","zbefore","cosine","random_useall","keep","122","random",TRUE,0,0.0560536653273131,10,6
119,"truth","z","none","cosine","nearest","keep","122","nearest",FALSE,0,0.0561044766548656,8,4
119,"union","z","none","cosine","nearest","keep","122","nearest",FALSE,0,0.0561044766548656,8,5
102,"avgPR","z_obs","none","cosine","random","keep","122","random",FALSE,0,0.0561909517985856,10,4
247,"avgPR","none","none","cosine","random","keep","124","random",FALSE,0,0.0562018043044728,13,4
7,"avgPR","none","zafter","euclid","random","drop","122","random",FALSE,0,0.0562671157621096,9,2
250,"truth","z","zbefore","cosine","random","keep","124","random",FALSE,0,0.0562771423180532,9,5
250,"union","z","zbefore","cosine","random","keep","124","random",FALSE,0,0.0562771423180532,9,6
174,"truth","z_obs","none","cosine","random_l3","keep","122","random",FALSE,3,0.0563057672484974,9,4
174,"union","z_obs","none","cosine","random_l3","keep","122","random",FALSE,3,0.0563057672484974,9,5
263,"avgPR","none","zafter","cosine","nearest","keep","124","nearest",FALSE,0,0.0563325390441481,8,6
224,"truth","z","none","cosine","random_useall","drop","124","random",TRUE,0,0.0563479377938546,9,4
224,"union","z","none","cosine","random_useall","drop","124","random",TRUE,0,0.0563479377938546,9,5
98,"avgPR","z","zafter","euclid","random","keep","122","random",FALSE,0,0.0564508036007692,8,4
95,"avgPR","z","zbefore","euclid","random","keep","122","random",FALSE,0,0.0564838518781791,9,4
228,"truth","z","zafter","cosine","random_useall","drop","124","random",TRUE,0,0.0565249724854234,9,5
228,"union","z","zafter","cosine","random_useall","drop","124","random",TRUE,0,0.0565249724854234,9,6
114,"truth","z_obs","zbefore","euclid","nearest","keep","122","nearest",FALSE,0,0.0565919653592916,11,4
114,"union","z_obs","zbefore","euclid","nearest","keep","122","nearest",FALSE,0,0.0565919653592916,11,5
17,"truth","z","zafter","cosine","random","drop","122","random",FALSE,0,0.056613273796789,9,3
17,"union","z","zafter","cosine","random","drop","122","random",FALSE,0,0.056613273796789,9,4
188,"truth","z","none","cosine","random","drop","124","random",FALSE,0,0.0566179444698698,9,3
188,"union","z","none","cosine","random","drop","124","random",FALSE,0,0.0566179444698698,9,4
221,"avgPR","none","zafter","euclid","random_useall","drop","124","random",TRUE,0,0.0566655703290604,10,4
192,"truth","z","zafter","cosine","random","drop","124","random",FALSE,0,0.0566656320605209,10,4
192,"union","z","zafter","cosine","random","drop","124","random",FALSE,0,0.0566656320605209,10,5
156,"avgPR","z_obs","none","cosine","random_useall","keep","122","random",TRUE,0,0.0566758682281001,10,5
283,"avgPR","none","none","cosine","random_useall","keep","124","random",TRUE,0,0.0567309145229228,12,5
270,"truth","z","zafter","euclid","lowclass","keep","124","lowclass",FALSE,0,0.0568537858567028,9,5
270,"union","z","zafter","euclid","lowclass","keep","124","lowclass",FALSE,0,0.0568537858567028,9,6
260,"truth","z","none","cosine","nearest","keep","124","nearest",FALSE,0,0.0568728353032549,8,5
260,"union","z","none","cosine","nearest","keep","124","nearest",FALSE,0,0.0568728353032549,8,6
5,"truth","z","zbefore","euclid","random","drop","122","random",FALSE,0,0.0568869498633682,9,2
5,"union","z","zbefore","euclid","random","drop","122","random",FALSE,0,0.0568869498633682,9,3
135,"truth","z_obs","zafter","euclid","lowclass","keep","122","lowclass",FALSE,0,0.0569814149920648,8,4
135,"union","z_obs","zafter","euclid","lowclass","keep","122","lowclass",FALSE,0,0.0569814149920648,8,5
149,"avgPR","z","zbefore","euclid","random_useall","keep","122","random",TRUE,0,0.0569974324979536,9,5
117,"truth","z_obs","zafter","euclid","nearest","keep","122","nearest",FALSE,0,0.0571447198100624,9,4
117,"union","z_obs","zafter","euclid","nearest","keep","122","nearest",FALSE,0,0.0571447198100624,9,5
178,"pred_only","none","zafter","cosine","random_l3","keep","122","random",FALSE,3,0.0572060343060857,10,5
212,"truth","z","none","cosine","lowclass","drop","124","lowclass",FALSE,0,0.0572186042188007,9,4
212,"union","z","none","cosine","lowclass","drop","124","lowclass",FALSE,0,0.0572186042188007,9,5
124,"avgPR","none","zafter","cosine","nearest","keep","122","nearest",FALSE,0,0.0572273754017193,9,5
299,"pred_only","none","zafter","cosine","random_l3","keep","124","random",FALSE,3,0.0572279463309032,9,6
136,"avgPR","none","none","cosine","lowclass","keep","122","lowclass",FALSE,0,0.0573312462432793,11,4
275,"pred_only","none","zafter","cosine","lowclass","keep","124","lowclass",FALSE,0,0.0573478011745461,7,6
230,"truth","z","none","euclid","random_l3","drop","124","random",FALSE,3,0.0574010983458919,13,3
230,"union","z","none","euclid","random_l3","drop","124","random",FALSE,3,0.0574010983458919,13,4
271,"avgPR","none","none","cosine","lowclass","keep","124","lowclass",FALSE,0,0.0574168895497849,11,5
100,"avgPR","none","none","cosine","random","keep","122","random",FALSE,0,0.0574991051601167,10,3
154,"avgPR","none","none","cosine","random_useall","keep","122","random",TRUE,0,0.0575103347247024,10,4
180,"truth","z_obs","zafter","cosine","random_l3","keep","122","random",FALSE,3,0.0576936946738683,8,5
180,"union","z_obs","zafter","cosine","random_l3","keep","122","random",FALSE,3,0.0576936946738683,8,6
144,"pred_only","z_obs","zafter","cosine","lowclass","keep","122","lowclass",FALSE,0,0.057695652785875,6,6
272,"avgPR","z","none","cosine","lowclass","keep","124","lowclass",FALSE,0,0.0577075499183349,9,6
174,"pred_only","z_obs","none","cosine","random_l3","keep","122","random",FALSE,3,0.057721253682811,7,5
209,"avgPR","none","zafter","euclid","lowclass","drop","124","lowclass",FALSE,0,0.0579109025179591,9,4
142,"pred_only","none","zafter","cosine","lowclass","keep","122","lowclass",FALSE,0,0.0579345934510868,7,5
134,"avgPR","z","zafter","euclid","lowclass","keep","122","lowclass",FALSE,0,0.0579674242611223,9,5
113,"avgPR","z","zbefore","euclid","nearest","keep","122","nearest",FALSE,0,0.0580204627078062,8,5
140,"avgPR","z","zbefore","cosine","lowclass","keep","122","lowclass",FALSE,0,0.0580208151105272,9,6
138,"avgPR","z_obs","none","cosine","lowclass","keep","122","lowclass",FALSE,0,0.0580288275549412,8,5
244,"avgPR","z","zbefore","euclid","random","keep","124","random",FALSE,0,0.0580504013590014,9,5
285,"pred_only","none","zbefore","cosine","random_useall","keep","124","random",TRUE,0,0.0581250331624497,8,6
194,"avgPR","z","none","euclid","nearest","drop","124","nearest",FALSE,0,0.0581910526047252,9,4
116,"avgPR","z","zafter","euclid","nearest","keep","122","nearest",FALSE,0,0.0583198895496302,8,5
185,"avgPR","none","zafter","euclid","random","drop","124","random",FALSE,0,0.0583289526058998,9,3
62,"truth","z","zafter","euclid","random_useall","drop","122","random",TRUE,0,0.0583310746954244,9,3
62,"union","z","zafter","euclid","random_useall","drop","122","random",TRUE,0,0.0583310746954244,9,4
132,"truth","z_obs","zbefore","euclid","lowclass","keep","122","lowclass",FALSE,0,0.0583777435407281,8,4
132,"union","z_obs","zbefore","euclid","lowclass","keep","122","lowclass",FALSE,0,0.0583777435407281,8,5
249,"pred_only","none","zbefore","cosine","random","keep","124","random",FALSE,0,0.0584994740488577,8,5
8,"truth","z","zafter","euclid","random","drop","122","random",FALSE,0,0.0585120748577588,9,2
8,"union","z","zafter","euclid","random","drop","122","random",FALSE,0,0.0585120748577588,9,3
280,"avgPR","z","zbefore","euclid","random_useall","keep","124","random",TRUE,0,0.0585728131058126,8,6
66,"pred_only","z_obs","none","cosine","random_useall","drop","122","random",TRUE,0,0.0585921256489839,10,4
23,"truth","z","zbefore","euclid","nearest","drop","122","nearest",FALSE,0,0.0587119491662506,10,3
23,"union","z","zbefore","euclid","nearest","drop","122","nearest",FALSE,0,0.0587119491662506,10,4
157,"pred_only","none","zbefore","cosine","random_useall","keep","122","random",TRUE,0,0.0588569980290916,9,5
184,"truth","z","zbefore","euclid","random","drop","124","random",FALSE,0,0.0588635442287525,9,3
184,"union","z","zbefore","euclid","random","drop","124","random",FALSE,0,0.0588635442287525,9,4
51,"truth","z_obs","zbefore","cosine","lowclass","drop","122","lowclass",FALSE,0,0.0589647390591154,8,4
51,"union","z_obs","zbefore","cosine","lowclass","drop","122","lowclass",FALSE,0,0.0589647390591154,8,5
263,"pred_only","none","zafter","cosine","nearest","keep","124","nearest",FALSE,0,0.0589863956845027,10,6
41,"truth","z","zbefore","euclid","lowclass","drop","122","lowclass",FALSE,0,0.0590018433278324,8,3
41,"union","z","zbefore","euclid","lowclass","drop","122","lowclass",FALSE,0,0.0590018433278324,8,4
6,"truth","z_obs","zbefore","euclid","random","drop","122","random",FALSE,0,0.05913745872116,9,2
6,"union","z_obs","zbefore","euclid","random","drop","122","random",FALSE,0,0.05913745872116,9,3
273,"avgPR","none","zbefore","cosine","lowclass","keep","124","lowclass",FALSE,0,0.0591898482200333,8,6
44,"truth","z","zafter","euclid","lowclass","drop","122","lowclass",FALSE,0,0.0591952073351606,9,3
44,"union","z","zafter","euclid","lowclass","drop","122","lowclass",FALSE,0,0.0591952073351606,9,4
72,"pred_only","z_obs","zafter","cosine","random_useall","drop","122","random",TRUE,0,0.0592140716141249,9,5
22,"avgPR","none","zbefore","euclid","nearest","drop","122","nearest",FALSE,0,0.0592547085100241,7,3
18,"pred_only","z_obs","zafter","cosine","random","drop","122","random",FALSE,0,0.0592640416311465,7,4
172,"truth","none","none","cosine","random_l3","keep","122","random",FALSE,3,0.0592757781609438,6,3
172,"union","none","none","cosine","random_l3","keep","122","random",FALSE,3,0.0592757781609438,6,4
103,"pred_only","none","zbefore","cosine","random","keep","122","random",FALSE,0,0.0593278354386271,8,4
159,"pred_only","z_obs","zbefore","cosine","random_useall","keep","122","random",TRUE,0,0.0593461868293775,8,6
153,"avgPR","z_obs","zafter","euclid","random_useall","keep","122","random",TRUE,0,0.0593735700767628,9,5
12,"pred_only","z_obs","none","cosine","random","drop","122","random",FALSE,0,0.0593977216272752,8,3
187,"pred_only","none","none","cosine","random","drop","124","random",FALSE,0,0.059450054191222,9,3
289,"avgPR","none","none","euclid","random_l3","keep","124","random",FALSE,3,0.0594534786694019,9,4
274,"avgPR","z","zbefore","cosine","lowclass","keep","124","lowclass",FALSE,0,0.0594805085885833,6,7
139,"avgPR","none","zbefore","cosine","lowclass","keep","122","lowclass",FALSE,0,0.0595507576549012,9,5
191,"pred_only","none","zafter","cosine","random","drop","124","random",FALSE,0,0.0595517792994357,8,4
18,"avgPR","z_obs","zafter","cosine","random","drop","122","random",FALSE,0,0.0595957328252646,8,4
53,"avgPR","z","zafter","cosine","lowclass","drop","122","lowclass",FALSE,0,0.0596197218205887,6,5
118,"avgPR","none","none","cosine","nearest","keep","122","nearest",FALSE,0,0.0596336638377912,10,4
96,"avgPR","z_obs","zbefore","euclid","random","keep","122","random",FALSE,0,0.0596610962737358,9,4
64,"pred_only","none","none","cosine","random_useall","drop","122","random",TRUE,0,0.0596724317104046,10,3
104,"avgPR","z","zbefore","cosine","random","keep","122","random",FALSE,0,0.0596833392020415,7,5
259,"avgPR","none","none","cosine","nearest","keep","124","nearest",FALSE,0,0.0597349370272745,10,5
138,"pred_only","z_obs","none","cosine","lowclass","keep","122","lowclass",FALSE,0,0.059758146010987,7,5
131,"avgPR","z","zbefore","euclid","lowclass","keep","122","lowclass",FALSE,0,0.0597635874225129,9,5
59,"avgPR","z","zbefore","euclid","random_useall","drop","122","random",TRUE,0,0.0597747786261892,8,4
71,"avgPR","z","zafter","cosine","random_useall","drop","122","random",TRUE,0,0.05977590499109,8,5
105,"pred_only","z_obs","zbefore","cosine","random","keep","122","random",FALSE,0,0.0598192549269483,6,5
60,"truth","z_obs","zbefore","euclid","random_useall","drop","122","random",TRUE,0,0.0598197749893922,8,3
60,"union","z_obs","zbefore","euclid","random_useall","drop","122","random",TRUE,0,0.0598197749893922,8,4
220,"truth","z","zbefore","euclid","random_useall","drop","124","random",TRUE,0,0.0598298425393086,9,4
220,"union","z","zbefore","euclid","random_useall","drop","124","random",TRUE,0,0.0598298425393086,9,5
63,"truth","z_obs","zafter","euclid","random_useall","drop","122","random",TRUE,0,0.0598697759750512,9,3
63,"union","z_obs","zafter","euclid","random_useall","drop","122","random",TRUE,0,0.0598697759750512,9,4
158,"avgPR","z","zbefore","cosine","random_useall","keep","122","random",TRUE,0,0.0598718938437237,7,6
9,"truth","z_obs","zafter","euclid","random","drop","122","random",FALSE,0,0.0598993117205264,8,2
9,"union","z_obs","zafter","euclid","random","drop","122","random",FALSE,0,0.0598993117205264,8,3
215,"avgPR","none","zafter","cosine","lowclass","drop","124","lowclass",FALSE,0,0.0599450149482902,9,5
84,"truth","z_obs","none","cosine","random_l3","drop","122","random",FALSE,3,0.059980388056474,9,3
84,"union","z_obs","none","cosine","random_l3","drop","122","random",FALSE,3,0.059980388056474,9,4
136,"pred_only","none","none","cosine","lowclass","keep","122","lowclass",FALSE,0,0.0599970866761988,8,4
196,"truth","z","zbefore","euclid","nearest","drop","124","nearest",FALSE,0,0.0600236443689862,10,4
196,"union","z","zbefore","euclid","nearest","drop","124","nearest",FALSE,0,0.0600236443689862,10,5
286,"avgPR","z","zbefore","cosine","random_useall","keep","124","random",TRUE,0,0.0600288124120722,7,7
295,"truth","none","none","cosine","random_l3","keep","124","random",FALSE,3,0.0600424497684084,6,4
295,"union","none","none","cosine","random_l3","keep","124","random",FALSE,3,0.0600424497684084,6,5
124,"pred_only","none","zafter","cosine","nearest","keep","122","nearest",FALSE,0,0.0600562942079371,10,5
223,"pred_only","none","none","cosine","random_useall","drop","124","random",TRUE,0,0.0601051318190793,8,4
69,"truth","z_obs","zbefore","cosine","random_useall","drop","122","random",TRUE,0,0.0601168855345798,9,4
69,"union","z_obs","zbefore","cosine","random_useall","drop","122","random",TRUE,0,0.0601168855345798,9,5
26,"truth","z","zafter","euclid","nearest","drop","122","nearest",FALSE,0,0.0601195257063573,9,3
26,"union","z","zafter","euclid","nearest","drop","122","nearest",FALSE,0,0.0601195257063573,9,4
141,"pred_only","z_obs","zbefore","cosine","lowclass","keep","122","lowclass",FALSE,0,0.0601236596956504,6,6
30,"truth","z_obs","none","cosine","nearest","drop","122","nearest",FALSE,0,0.0601303709530486,8,3
30,"union","z_obs","none","cosine","nearest","drop","122","nearest",FALSE,0,0.0601303709530486,8,4
16,"pred_only","none","zafter","cosine","random","drop","122","random",FALSE,0,0.0601682695294157,9,3
65,"avgPR","z","none","cosine","random_useall","drop","122","random",TRUE,0,0.0601979758703204,9,4
227,"pred_only","none","zafter","cosine","random_useall","drop","124","random",TRUE,0,0.060233008938915,8,5
273,"pred_only","none","zbefore","cosine","lowclass","keep","124","lowclass",FALSE,0,0.0602359807929854,7,6
141,"avgPR","z_obs","zbefore","cosine","lowclass","keep","122","lowclass",FALSE,0,0.0602483389665632,6,6
195,"avgPR","none","zbefore","euclid","nearest","drop","124","nearest",FALSE,0,0.0602486990647029,9,4
50,"truth","z","zbefore","cosine","lowclass","drop","122","lowclass",FALSE,0,0.0602749077927316,8,4
50,"union","z","zbefore","cosine","lowclass","drop","122","lowclass",FALSE,0,0.0602749077927316,8,5
271,"pred_only","none","none","cosine","lowclass","keep","124","lowclass",FALSE,0,0.0602895396951906,8,5
282,"avgPR","z","zafter","euclid","random_useall","keep","124","random",TRUE,0,0.0603345851145576,8,6
75,"avgPR","z_obs","none","euclid","random_l3","drop","122","random",FALSE,3,0.0603461815974876,8,3
72,"avgPR","z_obs","zafter","cosine","random_useall","drop","122","random",TRUE,0,0.0603596233338865,8,5
139,"pred_only","none","zbefore","cosine","lowclass","keep","122","lowclass",FALSE,0,0.0603626003608622,7,5
285,"avgPR","none","zbefore","cosine","random_useall","keep","124","random",TRUE,0,0.0603740577198147,11,6
54,"avgPR","z_obs","zafter","cosine","lowclass","drop","122","lowclass",FALSE,0,0.0604019300545805,5,5
222,"truth","z","zafter","euclid","random_useall","drop","124","random",TRUE,0,0.0604053714845594,9,4
222,"union","z","zafter","euclid","random_useall","drop","124","random",TRUE,0,0.0604053714845594,9,5
66,"avgPR","z_obs","none","cosine","random_useall","drop","122","random",TRUE,0,0.0604231787586373,9,4
246,"avgPR","z","zafter","euclid","random","keep","124","random",FALSE,0,0.0604258389981487,6,5
15,"truth","z_obs","zbefore","cosine","random","drop","122","random",FALSE,0,0.0604316811971961,10,3
15,"union","z_obs","zbefore","cosine","random","drop","122","random",FALSE,0,0.0604316811971961,10,4
70,"pred_only","none","zafter","cosine","random_useall","drop","122","random",TRUE,0,0.0604444888287684,8,4
36,"truth","z_obs","zafter","cosine","nearest","drop","122","nearest",FALSE,0,0.0604740027809332,9,4
36,"union","z_obs","zafter","cosine","nearest","drop","122","nearest",FALSE,0,0.0604740027809332,9,5
150,"avgPR","z_obs","zbefore","euclid","random_useall","keep","122","random",TRUE,0,0.0604789850340766,9,5
290,"avgPR","z","none","euclid","random_l3","keep","124","random",FALSE,3,0.0604957193290659,9,5
173,"truth","z","none","cosine","random_l3","keep","122","random",FALSE,3,0.060503540285079,8,4
173,"union","z","none","cosine","random_l3","keep","122","random",FALSE,3,0.060503540285079,8,5
216,"avgPR","z","zafter","cosine","lowclass","drop","124","lowclass",FALSE,0,0.060514551416981,5,6
123,"truth","z_obs","zbefore","cosine","nearest","keep","122","nearest",FALSE,0,0.0605272616206213,8,5
123,"union","z_obs","zbefore","cosine","nearest","keep","122","nearest",FALSE,0,0.0605272616206213,8,6
99,"avgPR","z_obs","zafter","euclid","random","keep","122","random",FALSE,0,0.0605686103739435,8,4
186,"truth","z","zafter","euclid","random","drop","124","random",FALSE,0,0.0606106081926097,8,3
186,"union","z","zafter","euclid","random","drop","124","random",FALSE,0,0.0606106081926097,8,4
208,"truth","z","zbefore","euclid","lowclass","drop","124","lowclass",FALSE,0,0.0606397630539907,9,4
208,"union","z","zbefore","euclid","lowclass","drop","124","lowclass",FALSE,0,0.0606397630539907,9,5
172,"pred_only","none","none","cosine","random_l3","keep","122","random",FALSE,3,0.0606398194020554,8,4
10,"pred_only","none","none","cosine","random","drop","122","random",FALSE,0,0.0606415929957929,9,2
25,"avgPR","none","zafter","euclid","nearest","drop","122","nearest",FALSE,0,0.0606599629713392,8,3
178,"truth","none","zafter","cosine","random_l3","keep","122","random",FALSE,3,0.0606637055863147,5,4
178,"union","none","zafter","cosine","random_l3","keep","122","random",FALSE,3,0.0606637055863147,5,5
264,"avgPR","z","zafter","cosine","nearest","keep","124","nearest",FALSE,0,0.0606679029503313,4,7
250,"avgPR","z","zbefore","cosine","random","keep","124","random",FALSE,0,0.0606904808169355,7,6
52,"avgPR","none","zafter","cosine","lowclass","drop","122","lowclass",FALSE,0,0.0607858107646999,8,4
300,"pred_only","z","zafter","cosine","random_l3","keep","124","random",FALSE,3,0.0608499222597885,10,7
16,"avgPR","none","zafter","cosine","random","drop","122","random",FALSE,0,0.0608624423069222,10,3
227,"avgPR","none","zafter","cosine","random_useall","drop","124","random",TRUE,0,0.0608915311157052,10,5
122,"truth","z","zbefore","cosine","nearest","keep","122","nearest",FALSE,0,0.0608915761199352,8,5
122,"union","z","zbefore","cosine","nearest","keep","122","nearest",FALSE,0,0.0608915761199352,8,6
296,"truth","z","none","cosine","random_l3","keep","124","random",FALSE,3,0.0609083479176081,8,5
296,"union","z","none","cosine","random_l3","keep","124","random",FALSE,3,0.0609083479176081,8,6
192,"avgPR","z","zafter","cosine","random","drop","124","random",FALSE,0,0.0609282326405012,7,5
17,"avgPR","z","zafter","cosine","random","drop","122","random",FALSE,0,0.0609379419300547,7,4
228,"avgPR","z","zafter","cosine","random_useall","drop","124","random",TRUE,0,0.060955399356483,8,6
125,"avgPR","z","zafter","cosine","nearest","keep","122","nearest",FALSE,0,0.0610280578210443,6,6
299,"truth","none","zafter","cosine","random_l3","keep","124","random",FALSE,3,0.0610640219301608,5,5
299,"union","none","zafter","cosine","random_l3","keep","124","random",FALSE,3,0.0610640219301608,5,6
295,"pred_only","none","none","cosine","random_l3","keep","124","random",FALSE,3,0.0610813490784268,8,5
191,"avgPR","none","zafter","cosine","random","drop","124","random",FALSE,0,0.061167213043899,10,4
73,"avgPR","none","none","euclid","random_l3","drop","122","random",FALSE,3,0.0611938452263909,10,2
256,"avgPR","z","zbefore","euclid","nearest","keep","124","nearest",FALSE,0,0.0612334308573812,8,6
262,"truth","z","zbefore","cosine","nearest","keep","124","nearest",FALSE,0,0.0612829797409026,7,6
262,"union","z","zbefore","cosine","nearest","keep","124","nearest",FALSE,0,0.0612829797409026,7,7
268,"avgPR","z","zbefore","euclid","lowclass","keep","124","lowclass",FALSE,0,0.0613476333750089,8,6
126,"pred_only","z_obs","zafter","cosine","nearest","keep","122","nearest",FALSE,0,0.0613704634609329,8,6
12,"avgPR","z_obs","none","cosine","random","drop","122","random",FALSE,0,0.0613713890598549,9,3
70,"avgPR","none","zafter","cosine","random_useall","drop","122","random",TRUE,0,0.0613733253342505,8,4
243,"pred_only","none","zbefore","euclid","random","keep","124","random",FALSE,0,0.061389765435619,11,4
174,"avgPR","z_obs","none","cosine","random_l3","keep","122","random",FALSE,3,0.0614024058509673,6,5
11,"avgPR","z","none","cosine","random","drop","122","random",FALSE,0,0.061415133716131,9,3
157,"avgPR","none","zbefore","cosine","random_useall","keep","122","random",TRUE,0,0.0614185228972293,10,5
224,"avgPR","z","none","cosine","random_useall","drop","124","random",TRUE,0,0.0614254954774526,9,5
214,"truth","z","zbefore","cosine","lowclass","drop","124","lowclass",FALSE,0,0.0614442495485078,7,5
214,"union","z","zbefore","cosine","lowclass","drop","124","lowclass",FALSE,0,0.0614442495485078,7,6
5,"avgPR","z","zbefore","euclid","random","drop","122","random",FALSE,0,0.0614605494533041,8,3
114,"avgPR","z_obs","zbefore","euclid","nearest","keep","122","nearest",FALSE,0,0.0615377229430896,8,5
259,"pred_only","none","none","cosine","nearest","keep","124","nearest",FALSE,0,0.0615529813148502,9,5
249,"avgPR","none","zbefore","cosine","random","keep","124","random",FALSE,0,0.0615811934988027,9,5
118,"pred_only","none","none","cosine","nearest","keep","122","nearest",FALSE,0,0.0617099940752513,9,4
24,"truth","z_obs","zbefore","euclid","nearest","drop","122","nearest",FALSE,0,0.0617158284304569,10,3
24,"union","z_obs","zbefore","euclid","nearest","drop","122","nearest",FALSE,0,0.0617158284304569,10,4
198,"truth","z","zafter","euclid","nearest","drop","124","nearest",FALSE,0,0.0617166737316284,7,4
198,"union","z","zafter","euclid","nearest","drop","124","nearest",FALSE,0,0.0617166737316284,7,5
74,"avgPR","z","none","euclid","random_l3","drop","122","random",FALSE,3,0.0617321055496066,10,3
126,"avgPR","z_obs","zafter","cosine","nearest","keep","122","nearest",FALSE,0,0.0617988399971306,6,6
103,"avgPR","none","zbefore","cosine","random","keep","122","random",FALSE,0,0.0618233089633057,9,4
117,"avgPR","z_obs","zafter","euclid","nearest","keep","122","nearest",FALSE,0,0.0618371497849135,8,5
177,"pred_only","z_obs","zbefore","cosine","random_l3","keep","122","random",FALSE,3,0.0618530465273049,7,6
179,"truth","z","zafter","cosine","random_l3","keep","122","random",FALSE,3,0.0618914677104499,7,5
179,"union","z","zafter","cosine","random_l3","keep","122","random",FALSE,3,0.0618914677104499,7,6
97,"pred_only","none","zafter","euclid","random","keep","122","random",FALSE,0,0.0619141987232323,10,3
10,"avgPR","none","none","cosine","random","drop","122","random",FALSE,0,0.0619194115252341,11,2
300,"truth","z","zafter","cosine","random_l3","keep","124","random",FALSE,3,0.0619299200793605,7,6
300,"union","z","zafter","cosine","random_l3","keep","124","random",FALSE,3,0.0619299200793605,7,7
14,"truth","z","zbefore","cosine","random","drop","122","random",FALSE,0,0.0619761472841501,9,3
14,"union","z","zbefore","cosine","random","drop","122","random",FALSE,0,0.0619761472841501,9,4
159,"avgPR","z_obs","zbefore","cosine","random_useall","keep","122","random",TRUE,0,0.061984861141514,7,6
135,"avgPR","z_obs","zafter","euclid","lowclass","keep","122","lowclass",FALSE,0,0.0619929267651463,8,5
180,"avgPR","z_obs","zafter","cosine","random_l3","keep","122","random",FALSE,3,0.0619949198766119,4,6
279,"pred_only","none","zbefore","euclid","random_useall","keep","124","random",TRUE,0,0.0620259034620088,12,5
105,"avgPR","z_obs","zbefore","cosine","random","keep","122","random",FALSE,0,0.0620489885263961,8,5
47,"avgPR","z","none","cosine","lowclass","drop","122","lowclass",FALSE,0,0.062087513141838,8,4
90,"truth","z_obs","zafter","cosine","random_l3","drop","122","random",FALSE,3,0.0621329594400229,8,4
90,"union","z_obs","zafter","cosine","random_l3","drop","122","random",FALSE,3,0.0621329594400229,8,5
197,"avgPR","none","zafter","euclid","nearest","drop","124","nearest",FALSE,0,0.0622349857095252,7,4
64,"avgPR","none","none","cosine","random_useall","drop","122","random",TRUE,0,0.0622767087226938,10,3
68,"truth","z","zbefore","cosine","random_useall","drop","122","random",TRUE,0,0.0623061811310826,9,4
68,"union","z","zbefore","cosine","random_useall","drop","122","random",TRUE,0,0.0623061811310826,9,5
8,"avgPR","z","zafter","euclid","random","drop","122","random",FALSE,0,0.0623564210950835,8,3
148,"pred_only","none","zbefore","euclid","random_useall","keep","122","random",TRUE,0,0.0623717967566447,12,4
187,"avgPR","none","none","cosine","random","drop","124","random",FALSE,0,0.0623910766410028,10,3
223,"avgPR","none","none","cosine","random_useall","drop","124","random",TRUE,0,0.0624026935337833,11,4
261,"avgPR","none","zbefore","cosine","nearest","keep","124","nearest",FALSE,0,0.0624062897605211,8,6
239,"pred_only","none","zafter","cosine","random_l3","drop","124","random",FALSE,3,0.0624422908416575,11,5
54,"pred_only","z_obs","zafter","cosine","lowclass","drop","122","lowclass",FALSE,0,0.0624507181598806,6,5
169,"truth","none","zafter","euclid","random_l3","keep","122","random",FALSE,3,0.0625025723710788,6,3
169,"union","none","zafter","euclid","random_l3","keep","122","random",FALSE,3,0.0625025723710788,6,4
29,"truth","z","none","cosine","nearest","drop","122","nearest",FALSE,0,0.0626112727656524,7,3
29,"union","z","none","cosine","nearest","drop","122","nearest",FALSE,0,0.0626112727656524,7,4
88,"pred_only","none","zafter","cosine","random_l3","drop","122","random",FALSE,3,0.0626129247552367,11,4
210,"truth","z","zafter","euclid","lowclass","drop","124","lowclass",FALSE,0,0.0627178691208786,8,4
210,"union","z","zafter","euclid","lowclass","drop","124","lowclass",FALSE,0,0.0627178691208786,8,5
62,"avgPR","z","zafter","euclid","random_useall","drop","122","random",TRUE,0,0.0627411319894382,8,4
151,"pred_only","none","zafter","euclid","random_useall","keep","122","random",TRUE,0,0.0627943218187077,9,4
188,"avgPR","z","none","cosine","random","drop","124","random",FALSE,0,0.0627959982787911,9,4
121,"avgPR","none","zbefore","cosine","nearest","keep","122","nearest",FALSE,0,0.0628032798841865,9,5
258,"avgPR","z","zafter","euclid","nearest","keep","124","nearest",FALSE,0,0.062838932659277,6,6
204,"truth","z","zafter","cosine","nearest","drop","124","nearest",FALSE,0,0.0628577192769749,7,5
204,"union","z","zafter","cosine","nearest","drop","124","nearest",FALSE,0,0.0628577192769749,7,6
94,"pred_only","none","zbefore","euclid","random","keep","122","random",FALSE,0,0.0628636478706881,11,3
226,"truth","z","zbefore","cosine","random_useall","drop","124","random",TRUE,0,0.0628665211003825,9,5
226,"union","z","zbefore","cosine","random_useall","drop","124","random",TRUE,0,0.0628665211003825,9,6
48,"avgPR","z_obs","none","cosine","lowclass","drop","122","lowclass",FALSE,0,0.0628697213758298,7,4
169,"pred_only","none","zafter","euclid","random_l3","keep","122","random",FALSE,3,0.0629279537494693,12,4
35,"truth","z","zafter","cosine","nearest","drop","122","nearest",FALSE,0,0.062954904593537,8,4
35,"union","z","zafter","cosine","nearest","drop","122","nearest",FALSE,0,0.062954904593537,8,5
120,"pred_only","z_obs","none","cosine","nearest","keep","122","nearest",FALSE,0,0.0630241633282471,7,5
69,"pred_only","z_obs","zbefore","cosine","random_useall","drop","122","random",TRUE,0,0.063098352575563,8,5
27,"truth","z_obs","zafter","euclid","nearest","drop","122","nearest",FALSE,0,0.0631234049705637,9,3
27,"union","z_obs","zafter","euclid","nearest","drop","122","nearest",FALSE,0,0.0631234049705637,9,4
42,"truth","z_obs","zbefore","euclid","lowclass","drop","122","lowclass",FALSE,0,0.0632201544610591,7,3
42,"union","z_obs","zbefore","euclid","lowclass","drop","122","lowclass",FALSE,0,0.0632201544610591,7,4
46,"avgPR","none","none","cosine","lowclass","drop","122","lowclass",FALSE,0,0.0632536020859491,10,3
179,"pred_only","z","zafter","cosine","random_l3","keep","122","random",FALSE,3,0.0632921324755566,9,6
215,"pred_only","none","zafter","cosine","lowclass","drop","124","lowclass",FALSE,0,0.0633238601716393,7,5
200,"truth","z","none","cosine","nearest","drop","124","nearest",FALSE,0,0.0633829972379775,7,4
200,"union","z","none","cosine","nearest","drop","124","nearest",FALSE,0,0.0633829972379775,7,5
45,"truth","z_obs","zafter","euclid","lowclass","drop","122","lowclass",FALSE,0,0.0634135184683873,8,3
45,"union","z_obs","zafter","euclid","lowclass","drop","122","lowclass",FALSE,0,0.0634135184683873,8,4
211,"avgPR","none","none","cosine","lowclass","drop","124","lowclass",FALSE,0,0.0634244652992072,10,4
90,"pred_only","z_obs","zafter","cosine","random_l3","drop","122","random",FALSE,3,0.0634321870076365,8,5
119,"avgPR","z","none","cosine","nearest","keep","122","nearest",FALSE,0,0.0634343462571162,7,5
82,"truth","none","none","cosine","random_l3","drop","122","random",FALSE,3,0.063443913687186,6,2
82,"union","none","none","cosine","random_l3","drop","122","random",FALSE,3,0.063443913687186,6,3
184,"avgPR","z","zbefore","euclid","random","drop","124","random",FALSE,0,0.0634775767644647,8,4
281,"pred_only","none","zafter","euclid","random_useall","keep","124","random",TRUE,0,0.0636192985132654,10,5
44,"avgPR","z","zafter","euclid","lowclass","drop","122","lowclass",FALSE,0,0.0636376556126293,8,4
41,"avgPR","z","zbefore","euclid","lowclass","drop","122","lowclass",FALSE,0,0.0637377844707011,9,4
132,"avgPR","z_obs","zbefore","euclid","lowclass","keep","122","lowclass",FALSE,0,0.063789089926537,8,5
23,"avgPR","z","zbefore","euclid","nearest","drop","122","nearest",FALSE,0,0.0637989076632227,7,4
270,"avgPR","z","zafter","euclid","lowclass","keep","124","lowclass",FALSE,0,0.0638375123035794,5,6
52,"pred_only","none","zafter","cosine","lowclass","drop","122","lowclass",FALSE,0,0.0638393498958118,7,4
203,"avgPR","none","zafter","cosine","nearest","drop","124","nearest",FALSE,0,0.0638767225158225,7,5
190,"truth","z","zbefore","cosine","random","drop","124","random",FALSE,0,0.0639265642319103,7,4
190,"union","z","zbefore","cosine","random","drop","124","random",FALSE,0,0.0639265642319103,7,5
171,"avgPR","z_obs","zafter","euclid","random_l3","keep","122","random",FALSE,3,0.0639724887770603,4,5
212,"avgPR","z","none","cosine","lowclass","drop","124","lowclass",FALSE,0,0.0639940017678979,6,5
82,"pred_only","none","none","cosine","random_l3","drop","122","random",FALSE,3,0.0640002816462519,9,3
220,"avgPR","z","zbefore","euclid","random_useall","drop","124","random",TRUE,0,0.0640098270664019,7,5
48,"pred_only","z_obs","none","cosine","lowclass","drop","122","lowclass",FALSE,0,0.0640329891720368,6,4
260,"avgPR","z","none","cosine","nearest","keep","124","nearest",FALSE,0,0.0640703009334577,6,6
235,"truth","none","none","cosine","random_l3","drop","124","random",FALSE,3,0.0640720044682131,6,3
235,"union","none","none","cosine","random_l3","drop","124","random",FALSE,3,0.0640720044682131,6,4
67,"pred_only","none","zbefore","cosine","random_useall","drop","122","random",TRUE,0,0.0641216952490557,9,4
133,"pred_only","none","zafter","euclid","lowclass","keep","122","lowclass",FALSE,0,0.064166938720773,11,4
120,"avgPR","z_obs","none","cosine","nearest","keep","122","nearest",FALSE,0,0.0642051284332025,7,5
169,"avgPR","none","zafter","euclid","random_l3","keep","122","random",FALSE,3,0.0642317899310998,6,4
235,"pred_only","none","none","cosine","random_l3","drop","124","random",FALSE,3,0.0642828983621222,9,4
15,"pred_only","z_obs","zbefore","cosine","random","drop","122","random",FALSE,0,0.0643471507659772,8,4
83,"truth","z","none","cosine","random_l3","drop","122","random",FALSE,3,0.0646365732549488,8,3
83,"union","z","none","cosine","random_l3","drop","122","random",FALSE,3,0.0646365732549488,8,4
173,"avgPR","z","none","cosine","random_l3","keep","122","random",FALSE,3,0.0646560110170343,7,5
296,"pred_only","z","none","cosine","random_l3","keep","124","random",FALSE,3,0.0647033250073121,9,6
225,"pred_only","none","zbefore","cosine","random_useall","drop","124","random",TRUE,0,0.0647165935758549,8,5
175,"pred_only","none","zbefore","cosine","random_l3","keep","122","random",FALSE,3,0.0647716122465494,8,5
300,"avgPR","z","zafter","cosine","random_l3","keep","124","random",FALSE,3,0.0647765511507812,5,7
267,"pred_only","none","zbefore","euclid","lowclass","keep","124","lowclass",FALSE,0,0.0648032155838105,12,5
84,"pred_only","z_obs","none","cosine","random_l3","drop","122","random",FALSE,3,0.0648195438986516,6,4
34,"avgPR","none","zafter","cosine","nearest","drop","122","nearest",FALSE,0,0.0648745047858727,8,4
236,"truth","z","none","cosine","random_l3","drop","124","random",FALSE,3,0.0649002687398695,8,4
236,"union","z","none","cosine","random_l3","drop","124","random",FALSE,3,0.0649002687398695,8,5
6,"avgPR","z_obs","zbefore","euclid","random","drop","122","random",FALSE,0,0.06490256159439,8,3
297,"pred_only","none","zbefore","cosine","random_l3","keep","124","random",FALSE,3,0.0649222033555224,9,6
296,"avgPR","z","none","cosine","random_l3","keep","124","random",FALSE,3,0.0649850031474541,7,6
170,"avgPR","z","zafter","euclid","random_l3","keep","122","random",FALSE,3,0.0650054622309429,6,5
177,"truth","z_obs","zbefore","cosine","random_l3","keep","122","random",FALSE,3,0.0650622902856619,7,5
177,"union","z_obs","zbefore","cosine","random_l3","keep","122","random",FALSE,3,0.0650622902856619,7,6
130,"pred_only","none","zbefore","euclid","lowclass","keep","122","lowclass",FALSE,0,0.0651887928572094,12,4
26,"avgPR","z","zafter","euclid","nearest","drop","122","nearest",FALSE,0,0.0652041621245378,8,4
261,"pred_only","none","zbefore","cosine","nearest","keep","124","nearest",FALSE,0,0.0652209766105886,8,6
189,"pred_only","none","zbefore","cosine","random","drop","124","random",FALSE,0,0.0652251572110476,8,4
179,"avgPR","z","zafter","cosine","random_l3","keep","122","random",FALSE,3,0.0652485250426789,5,6
245,"pred_only","none","zafter","euclid","random","keep","124","random",FALSE,0,0.0652731243704049,9,4
63,"avgPR","z_obs","zafter","euclid","random_useall","drop","122","random",TRUE,0,0.0653606201913396,8,4
46,"pred_only","none","none","cosine","lowclass","drop","122","lowclass",FALSE,0,0.065421620907968,7,3
50,"avgPR","z","zbefore","cosine","lowclass","drop","122","lowclass",FALSE,0,0.0654993574875659,7,5
9,"avgPR","z_obs","zafter","euclid","random","drop","122","random",FALSE,0,0.065561919010648,8,3
88,"truth","none","zafter","cosine","random_l3","drop","122","random",FALSE,3,0.0655964850707348,5,3
88,"union","none","zafter","cosine","random_l3","drop","122","random",FALSE,3,0.0655964850707348,5,4
229,"avgPR","none","none","euclid","random_l3","drop","124","random",FALSE,3,0.065606856946807,9,3
51,"pred_only","z_obs","zbefore","cosine","lowclass","drop","122","lowclass",FALSE,0,0.0656411078664966,6,5
33,"truth","z_obs","zbefore","cosine","nearest","drop","122","nearest",FALSE,0,0.0657179702407873,8,4
33,"union","z_obs","zbefore","cosine","nearest","drop","122","nearest",FALSE,0,0.0657179702407873,8,5
166,"truth","none","zbefore","euclid","random_l3","keep","122","random",FALSE,3,0.0657252523120889,4,3
166,"union","none","zbefore","euclid","random_l3","keep","122","random",FALSE,3,0.0657252523120889,4,4
84,"avgPR","z_obs","none","cosine","random_l3","drop","122","random",FALSE,3,0.0657602895359376,7,4
79,"truth","none","zafter","euclid","random_l3","drop","122","random",FALSE,3,0.0657699381612733,6,2
79,"union","none","zafter","euclid","random_l3","drop","122","random",FALSE,3,0.0657699381612733,6,3
58,"pred_only","none","zbefore","euclid","random_useall","drop","122","random",TRUE,0,0.065771895426032,11,3
171,"truth","z_obs","zafter","euclid","random_l3","keep","122","random",FALSE,3,0.0657843269730688,6,4
171,"union","z_obs","zafter","euclid","random_l3","keep","122","random",FALSE,3,0.0657843269730688,6,5
211,"pred_only","none","none","cosine","lowclass","drop","124","lowclass",FALSE,0,0.0658062631238925,7,4
239,"truth","none","zafter","cosine","random_l3","drop","124","random",FALSE,3,0.0658523135908742,5,4
239,"union","none","zafter","cosine","random_l3","drop","124","random",FALSE,3,0.0658523135908742,5,5
121,"pred_only","none","zbefore","cosine","nearest","keep","122","nearest",FALSE,0,0.0658847575163117,8,5
219,"pred_only","none","zbefore","euclid","random_useall","drop","124","random",TRUE,0,0.0659003781249001,12,4
4,"pred_only","none","zbefore","euclid","random","drop","122","random",FALSE,0,0.0659386535683173,10,2
60,"avgPR","z_obs","zbefore","euclid","random_useall","drop","122","random",TRUE,0,0.0660434693467402,7,4
13,"pred_only","none","zbefore","cosine","random","drop","122","random",FALSE,0,0.0661285328689669,7,3
230,"avgPR","z","none","euclid","random_l3","drop","124","random",FALSE,3,0.0661501004984678,9,4
203,"pred_only","none","zafter","cosine","nearest","drop","124","nearest",FALSE,0,0.066211452160642,9,5
222,"avgPR","z","zafter","euclid","random_useall","drop","124","random",TRUE,0,0.0662154178521872,8,5
170,"pred_only","z","zafter","euclid","random_l3","keep","122","random",FALSE,3,0.0662594552976685,9,5
51,"avgPR","z_obs","zbefore","cosine","lowclass","drop","122","lowclass",FALSE,0,0.0662815657215577,6,5
15,"avgPR","z_obs","zbefore","cosine","random","drop","122","random",FALSE,0,0.0663001357122046,7,4
14,"avgPR","z","zbefore","cosine","random","drop","122","random",FALSE,0,0.066339301149125,8,4
213,"avgPR","none","zbefore","cosine","lowclass","drop","124","lowclass",FALSE,0,0.0663788312597067,8,5
28,"avgPR","none","none","cosine","nearest","drop","122","nearest",FALSE,0,0.0664298126098877,9,3
252,"pred_only","z","zafter","cosine","random","keep","124","random",FALSE,0,0.066464622121666,6,6
199,"avgPR","none","none","cosine","nearest","drop","124","nearest",FALSE,0,0.0664867478281318,9,4
186,"avgPR","z","zafter","euclid","random","drop","124","random",FALSE,0,0.0665242855820176,7,4
166,"pred_only","none","zbefore","euclid","random_l3","keep","122","random",FALSE,3,0.0665714950717063,11,4
208,"avgPR","z","zbefore","euclid","lowclass","drop","124","lowclass",FALSE,0,0.0665971286807591,7,5
122,"avgPR","z","zbefore","cosine","nearest","keep","122","nearest",FALSE,0,0.0666039623035115,6,6
49,"avgPR","none","zbefore","cosine","lowclass","drop","122","lowclass",FALSE,0,0.0666654464316771,9,4
69,"avgPR","z_obs","zbefore","cosine","random_useall","drop","122","random",TRUE,0,0.0666712674004601,7,5
36,"pred_only","z_obs","zafter","cosine","nearest","drop","122","nearest",FALSE,0,0.0666736707987311,8,5
240,"truth","z","zafter","cosine","random_l3","drop","124","random",FALSE,3,0.0666805778625306,7,5
240,"union","z","zafter","cosine","random_l3","drop","124","random",FALSE,3,0.0666805778625306,7,6
173,"pred_only","z","none","cosine","random_l3","keep","122","random",FALSE,3,0.0667259175715263,7,5
262,"avgPR","z","zbefore","cosine","nearest","keep","124","nearest",FALSE,0,0.0667416536667042,4,7
89,"truth","z","zafter","cosine","random_l3","drop","122","random",FALSE,3,0.0667891446384977,7,4
89,"union","z","zafter","cosine","random_l3","drop","122","random",FALSE,3,0.0667891446384977,7,5
168,"avgPR","z_obs","zbefore","euclid","random_l3","keep","122","random",FALSE,3,0.0668083463259321,4,5
68,"avgPR","z","zbefore","cosine","random_useall","drop","122","random",TRUE,0,0.0668992294419822,8,5
90,"avgPR","z_obs","zafter","cosine","random_l3","drop","122","random",FALSE,3,0.0669390864494905,5,5
214,"avgPR","z","zbefore","cosine","lowclass","drop","124","lowclass",FALSE,0,0.0669483677283974,4,6
244,"pred_only","z","zbefore","euclid","random","keep","124","random",FALSE,0,0.0669504566489897,8,5
237,"pred_only","none","zbefore","cosine","random_l3","drop","124","random",FALSE,3,0.0669633475540655,11,5
85,"pred_only","none","zbefore","cosine","random_l3","drop","122","random",FALSE,3,0.0669671862054512,10,4
213,"pred_only","none","zbefore","cosine","lowclass","drop","124","lowclass",FALSE,0,0.0669830619469382,7,5
49,"pred_only","none","zbefore","cosine","lowclass","drop","122","lowclass",FALSE,0,0.0670297396024278,7,4
166,"avgPR","none","zbefore","euclid","random_l3","keep","122","random",FALSE,3,0.0670676474799717,6,4
161,"pred_only","z","zafter","cosine","random_useall","keep","122","random",TRUE,0,0.0670788736785895,7,6
183,"pred_only","none","zbefore","euclid","random","drop","124","random",FALSE,0,0.0670883816322157,11,3
34,"pred_only","none","zafter","cosine","nearest","drop","122","nearest",FALSE,0,0.0670889926850482,9,4
171,"pred_only","z_obs","zafter","euclid","random_l3","keep","122","random",FALSE,3,0.0671378587024192,9,5
226,"avgPR","z","zbefore","cosine","random_useall","drop","124","random",TRUE,0,0.0671386879913594,8,6
123,"pred_only","z_obs","zbefore","cosine","nearest","keep","122","nearest",FALSE,0,0.0671989267693075,6,6
101,"pred_only","z","none","cosine","random","keep","122","random",FALSE,0,0.0672250100950999,9,4
248,"pred_only","z","none","cosine","random","keep","124","random",FALSE,0,0.0672700309937778,9,5
107,"pred_only","z","zafter","cosine","random","keep","122","random",FALSE,0,0.0673382774253856,7,5
284,"pred_only","z","none","cosine","random_useall","keep","124","random",TRUE,0,0.0673415198388922,9,6
36,"avgPR","z_obs","zafter","cosine","nearest","drop","122","nearest",FALSE,0,0.0673512372419066,6,5
24,"avgPR","z_obs","zbefore","euclid","nearest","drop","122","nearest",FALSE,0,0.0673727475565511,7,4
123,"avgPR","z_obs","zbefore","cosine","nearest","keep","122","nearest",FALSE,0,0.0673747444795978,6,6
170,"truth","z","zafter","euclid","random_l3","keep","122","random",FALSE,3,0.0673763500430365,6,4
170,"union","z","zafter","euclid","random_l3","keep","122","random",FALSE,3,0.0673763500430365,6,5
30,"pred_only","z_obs","none","cosine","nearest","drop","122","nearest",FALSE,0,0.067414372125744,7,4
81,"avgPR","z_obs","zafter","euclid","random_l3","drop","122","random",FALSE,3,0.0674184540574325,4,4
196,"avgPR","z","zbefore","euclid","nearest","drop","124","nearest",FALSE,0,0.067462243255021,8,5
155,"pred_only","z","none","cosine","random_useall","keep","122","random",TRUE,0,0.0674678697043787,8,5
288,"pred_only","z","zafter","cosine","random_useall","keep","124","random",TRUE,0,0.0675481953387519,6,7
177,"avgPR","z_obs","zbefore","cosine","random_l3","keep","122","random",FALSE,3,0.0675563056328329,4,6
95,"pred_only","z","zbefore","euclid","random","keep","122","random",FALSE,0,0.0676023996585929,7,4
67,"avgPR","none","zbefore","cosine","random_useall","drop","122","random",TRUE,0,0.0676324697211956,9,4
280,"pred_only","z","zbefore","euclid","random_useall","keep","124","random",TRUE,0,0.0676688366802009,8,6
61,"pred_only","none","zafter","euclid","random_useall","drop","122","random",TRUE,0,0.0677438783098781,9,3
225,"avgPR","none","zbefore","cosine","random_useall","drop","124","random",TRUE,0,0.0677831511394618,8,5
87,"pred_only","z_obs","zbefore","cosine","random_l3","drop","122","random",FALSE,3,0.0677864484578509,7,5
28,"pred_only","none","none","cosine","nearest","drop","122","nearest",FALSE,0,0.0678296940120612,8,3
167,"avgPR","z","zbefore","euclid","random_l3","keep","122","random",FALSE,3,0.0678413197798148,6,5
7,"pred_only","none","zafter","euclid","random","drop","122","random",FALSE,0,0.0678559284621858,10,2
269,"pred_only","none","zafter","euclid","lowclass","keep","124","lowclass",FALSE,0,0.0678636914919869,12,5
199,"pred_only","none","none","cosine","nearest","drop","124","nearest",FALSE,0,0.0678692070374242,8,4
175,"truth","none","zbefore","cosine","random_l3","keep","122","random",FALSE,3,0.0680323011981083,4,4
175,"union","none","zbefore","cosine","random_l3","keep","122","random",FALSE,3,0.0680323011981083,4,5
79,"pred_only","none","zafter","euclid","random_l3","drop","122","random",FALSE,3,0.0680766621270128,11,3
189,"avgPR","none","zbefore","cosine","random","drop","124","random",FALSE,0,0.0681770277693102,8,4
32,"truth","z","zbefore","cosine","nearest","drop","122","nearest",FALSE,0,0.0681988720533911,7,4
32,"union","z","zbefore","cosine","nearest","drop","122","nearest",FALSE,0,0.0681988720533911,7,5
112,"pred_only","none","zbefore","euclid","nearest","keep","122","nearest",FALSE,0,0.0682158713033356,10,4
152,"pred_only","z","zafter","euclid","random_useall","keep","122","random",TRUE,0,0.0682542098731779,7,5
79,"avgPR","none","zafter","euclid","random_l3","drop","122","random",FALSE,3,0.0682661176863358,6,3
204,"avgPR","z","zafter","cosine","nearest","drop","124","nearest",FALSE,0,0.0682677017430645,3,6
297,"truth","none","zbefore","cosine","random_l3","keep","124","random",FALSE,3,0.0683941807255437,3,5
297,"union","none","zbefore","cosine","random_l3","keep","124","random",FALSE,3,0.0683941807255437,3,6
190,"avgPR","z","zbefore","cosine","random","drop","124","random",FALSE,0,0.0684025844257556,5,5
81,"truth","z_obs","zafter","euclid","random_l3","drop","122","random",FALSE,3,0.0684199871189314,6,3
81,"union","z_obs","zafter","euclid","random_l3","drop","122","random",FALSE,3,0.0684199871189314,6,4
149,"pred_only","z","zbefore","euclid","random_useall","keep","122","random",TRUE,0,0.0684270642797581,6,5
87,"truth","z_obs","zbefore","cosine","random_l3","drop","122","random",FALSE,3,0.0685233703254341,7,4
87,"union","z_obs","zbefore","cosine","random_l3","drop","122","random",FALSE,3,0.0685233703254341,7,5
298,"pred_only","z","zbefore","cosine","random_l3","keep","124","random",FALSE,3,0.0685441792844077,10,7
255,"pred_only","none","zbefore","euclid","nearest","keep","124","nearest",FALSE,0,0.0685571349405261,7,5
202,"truth","z","zbefore","cosine","nearest","drop","124","nearest",FALSE,0,0.0685761738346361,6,5
202,"union","z","zbefore","cosine","nearest","drop","124","nearest",FALSE,0,0.0685761738346361,6,6
293,"pred_only","none","zafter","euclid","random_l3","keep","124","random",FALSE,3,0.0685785647594583,10,5
40,"pred_only","none","zbefore","euclid","lowclass","drop","122","lowclass",FALSE,0,0.0686165192128453,11,3
45,"avgPR","z_obs","zafter","euclid","lowclass","drop","122","lowclass",FALSE,0,0.0686428523049029,7,4
35,"avgPR","z","zafter","cosine","nearest","drop","122","nearest",FALSE,0,0.0686866478516634,5,5
42,"avgPR","z_obs","zbefore","euclid","lowclass","drop","122","lowclass",FALSE,0,0.0687429811629748,8,4
13,"avgPR","none","zbefore","cosine","random","drop","122","random",FALSE,0,0.0687686375595853,8,3
27,"avgPR","z_obs","zafter","euclid","nearest","drop","122","nearest",FALSE,0,0.0687780020178662,8,4
80,"avgPR","z","zafter","euclid","random_l3","drop","122","random",FALSE,3,0.0688043780095515,6,4
30,"avgPR","z_obs","none","cosine","nearest","drop","122","nearest",FALSE,0,0.0689065450659215,7,4
293,"truth","none","zafter","euclid","random_l3","keep","124","random",FALSE,3,0.068925468803157,5,4
293,"union","none","zafter","euclid","random_l3","keep","124","random",FALSE,3,0.068925468803157,5,5
98,"pred_only","z","zafter","euclid","random","keep","122","random",FALSE,0,0.068938532968628,5,4
143,"pred_only","z","zafter","cosine","lowclass","keep","122","lowclass",FALSE,0,0.0689475966869615,7,6
168,"truth","z_obs","zbefore","euclid","random_l3","keep","122","random",FALSE,3,0.0690070069140789,4,4
168,"union","z_obs","zbefore","euclid","random_l3","keep","122","random",FALSE,3,0.0690070069140789,4,5
115,"pred_only","none","zafter","euclid","nearest","keep","122","nearest",FALSE,0,0.0690452988782668,9,4
257,"pred_only","none","zafter","euclid","nearest","keep","124","nearest",FALSE,0,0.0690882816310745,6,5
76,"truth","none","zbefore","euclid","random_l3","drop","122","random",FALSE,3,0.0691609505287276,4,2
76,"union","none","zbefore","euclid","random_l3","drop","122","random",FALSE,3,0.0691609505287276,4,3
43,"pred_only","none","zafter","euclid","lowclass","drop","122","lowclass",FALSE,0,0.0691843576324003,11,3
207,"pred_only","none","zbefore","euclid","lowclass","drop","124","lowclass",FALSE,0,0.069188621072947,11,4
176,"truth","z","zbefore","cosine","random_l3","keep","122","random",FALSE,3,0.0692600633222435,6,5
176,"union","z","zbefore","cosine","random_l3","keep","122","random",FALSE,3,0.0692600633222435,6,6
298,"truth","z","zbefore","cosine","random_l3","keep","124","random",FALSE,3,0.0692600788747433,5,6
298,"union","z","zbefore","cosine","random_l3","keep","124","random",FALSE,3,0.0692600788747433,5,7
198,"avgPR","z","zafter","euclid","nearest","drop","124","nearest",FALSE,0,0.0694485298998433,6,5
291,"truth","none","zbefore","euclid","random_l3","keep","124","random",FALSE,3,0.0695056921393864,4,4
291,"union","none","zbefore","euclid","random_l3","keep","124","random",FALSE,3,0.0695056921393864,4,5
167,"pred_only","z","zbefore","euclid","random_l3","keep","122","random",FALSE,3,0.0699029966199055,8,5
201,"avgPR","none","zbefore","cosine","nearest","drop","124","nearest",FALSE,0,0.0699364279573637,7,5
153,"pred_only","z_obs","zafter","euclid","random_useall","keep","122","random",TRUE,0,0.0699483520560914,6,5
96,"pred_only","z_obs","zbefore","euclid","random","keep","122","random",FALSE,0,0.0699593555099503,7,4
83,"avgPR","z","none","cosine","random_l3","drop","122","random",FALSE,3,0.0700270714601887,7,4
276,"pred_only","z","zafter","cosine","lowclass","keep","124","lowclass",FALSE,0,0.0700318066692037,6,7
236,"avgPR","z","none","cosine","random_l3","drop","124","random",FALSE,3,0.0701217798963486,7,5
210,"avgPR","z","zafter","euclid","lowclass","drop","124","lowclass",FALSE,0,0.0701495832551245,4,5
80,"truth","z","zafter","euclid","random_l3","drop","122","random",FALSE,3,0.0701588798147251,6,3
80,"union","z","zafter","euclid","random_l3","drop","122","random",FALSE,3,0.0701588798147251,6,4
291,"pred_only","none","zbefore","euclid","random_l3","keep","124","random",FALSE,3,0.0702313788018001,10,5
29,"avgPR","z","none","cosine","nearest","drop","122","nearest",FALSE,0,0.0702419556756783,6,4
246,"pred_only","z","zafter","euclid","random","keep","124","random",FALSE,0,0.0702826250927991,5,5
185,"pred_only","none","zafter","euclid","random","drop","124","random",FALSE,0,0.0703477061985096,9,3
31,"avgPR","none","zbefore","cosine","nearest","drop","122","nearest",FALSE,0,0.0704011351556508,8,4
240,"avgPR","z","zafter","cosine","random_l3","drop","124","random",FALSE,3,0.0704860572823857,5,6
298,"avgPR","z","zbefore","cosine","random_l3","keep","124","random",FALSE,3,0.0704983398422418,5,7
78,"avgPR","z_obs","zbefore","euclid","random_l3","drop","122","random",FALSE,3,0.0705109472517252,4,4
150,"pred_only","z_obs","zbefore","euclid","random_useall","keep","122","random",TRUE,0,0.0705489793088563,7,5
167,"truth","z","zbefore","euclid","random_l3","keep","122","random",FALSE,3,0.0705990299840465,4,4
167,"union","z","zbefore","euclid","random_l3","keep","122","random",FALSE,3,0.0705990299840465,4,5
282,"pred_only","z","zafter","euclid","random_useall","keep","124","random",TRUE,0,0.0706527828343615,6,6
221,"pred_only","none","zafter","euclid","random_useall","drop","124","random",TRUE,0,0.0706622034675026,10,4
168,"pred_only","z_obs","zbefore","euclid","random_l3","keep","122","random",FALSE,3,0.0707814000246562,8,5
293,"avgPR","none","zafter","euclid","random_l3","keep","124","random",FALSE,3,0.0707862284472527,5,5
176,"avgPR","z","zbefore","cosine","random_l3","keep","122","random",FALSE,3,0.0708099107988999,5,6
176,"pred_only","z","zbefore","cosine","random_l3","keep","122","random",FALSE,3,0.0708577104160202,7,6
200,"avgPR","z","none","cosine","nearest","drop","124","nearest",FALSE,0,0.0708777270553738,5,5
137,"pred_only","z","none","cosine","lowclass","keep","122","lowclass",FALSE,0,0.0710100899120735,8,5
59,"pred_only","z","zbefore","euclid","random_useall","drop","122","random",TRUE,0,0.0710237080690493,7,4
291,"avgPR","none","zbefore","euclid","random_l3","keep","124","random",FALSE,3,0.071099885465727,5,5
104,"pred_only","z","zbefore","cosine","random","keep","122","random",FALSE,0,0.0711148428742629,7,5
89,"avgPR","z","zafter","cosine","random_l3","drop","122","random",FALSE,3,0.0712058683737416,5,5
286,"pred_only","z","zbefore","cosine","random_useall","keep","124","random",TRUE,0,0.0713372927316138,7,7
158,"pred_only","z","zbefore","cosine","random_useall","keep","122","random",TRUE,0,0.0713409322264375,7,6
76,"avgPR","none","zbefore","euclid","random_l3","drop","122","random",FALSE,3,0.0713586108806285,6,3
140,"pred_only","z","zbefore","cosine","lowclass","keep","122","lowclass",FALSE,0,0.0713756035967369,7,6
87,"avgPR","z_obs","zbefore","cosine","random_l3","drop","122","random",FALSE,3,0.0715875965020585,5,5
99,"pred_only","z_obs","zafter","euclid","random","keep","122","random",FALSE,0,0.0716200349439569,5,4
76,"pred_only","none","zbefore","euclid","random_l3","drop","122","random",FALSE,3,0.0717280179040104,11,3
135,"pred_only","z_obs","zafter","euclid","lowclass","keep","122","lowclass",FALSE,0,0.0717417438253478,6,5
80,"pred_only","z","zafter","euclid","random_l3","drop","122","random",FALSE,3,0.0717665873250492,7,4
78,"truth","z_obs","zbefore","euclid","random_l3","drop","122","random",FALSE,3,0.0718109994863858,4,3
78,"union","z_obs","zbefore","euclid","random_l3","drop","122","random",FALSE,3,0.0718109994863858,4,4
294,"avgPR","z","zafter","euclid","random_l3","keep","124","random",FALSE,3,0.0718284691069167,5,6
77,"avgPR","z","zbefore","euclid","random_l3","drop","122","random",FALSE,3,0.0718968712038442,6,4
172,"avgPR","none","none","cosine","random_l3","keep","122","random",FALSE,3,0.0719778636930858,4,4
85,"truth","none","zbefore","cosine","random_l3","drop","122","random",FALSE,3,0.0719868959561461,4,3
85,"union","none","zbefore","cosine","random_l3","drop","122","random",FALSE,3,0.0719868959561461,4,4
220,"pred_only","z","zbefore","euclid","random_useall","drop","124","random",TRUE,0,0.0720755574470214,7,5
65,"pred_only","z","none","cosine","random_useall","drop","122","random",TRUE,0,0.072099222169146,8,4
5,"pred_only","z","zbefore","euclid","random","drop","122","random",FALSE,0,0.0721081250218997,5,3
292,"avgPR","z","zbefore","euclid","random_l3","keep","124","random",FALSE,3,0.072142126125391,5,6
250,"pred_only","z","zbefore","cosine","random","keep","124","random",FALSE,0,0.0721744655520247,6,6
237,"truth","none","zbefore","cosine","random_l3","drop","124","random",FALSE,3,0.0722143973054806,3,4
237,"union","none","zbefore","cosine","random_l3","drop","124","random",FALSE,3,0.0722143973054806,3,5
11,"pred_only","z","none","cosine","random","drop","122","random",FALSE,0,0.0722618882040071,8,3
201,"pred_only","none","zbefore","cosine","nearest","drop","124","nearest",FALSE,0,0.0723202344921736,7,5
294,"pred_only","z","zafter","euclid","random_l3","keep","124","random",FALSE,3,0.0723665452202577,7,6
33,"pred_only","z_obs","zbefore","cosine","nearest","drop","122","nearest",FALSE,0,0.0723896353894735,6,5
113,"pred_only","z","zbefore","euclid","nearest","keep","122","nearest",FALSE,0,0.072394375177321,7,5
240,"pred_only","z","zafter","cosine","random_l3","drop","124","random",FALSE,3,0.0725040168527987,8,6
178,"avgPR","none","zafter","cosine","random_l3","keep","122","random",FALSE,3,0.0725703777187304,2,5
299,"avgPR","none","zafter","cosine","random_l3","keep","124","random",FALSE,3,0.0727092065928381,2,6
184,"pred_only","z","zbefore","euclid","random","drop","124","random",FALSE,0,0.0727561048409519,7,4
132,"pred_only","z_obs","zbefore","euclid","lowclass","keep","122","lowclass",FALSE,0,0.0727635979617842,7,5
233,"pred_only","none","zafter","euclid","random_l3","drop","124","random",FALSE,3,0.0727963898384105,9,4
31,"pred_only","none","zbefore","cosine","nearest","drop","122","nearest",FALSE,0,0.0728049572757906,7,4
81,"pred_only","z_obs","zafter","euclid","random_l3","drop","122","random",FALSE,3,0.0728677285421816,7,4
33,"avgPR","z_obs","zbefore","cosine","nearest","drop","122","nearest",FALSE,0,0.0728778676116846,6,5
295,"avgPR","none","none","cosine","random_l3","keep","124","random",FALSE,3,0.072917658589511,4,5
274,"pred_only","z","zbefore","cosine","lowclass","keep","124","lowclass",FALSE,0,0.072919986287643,6,7
272,"pred_only","z","none","cosine","lowclass","keep","124","lowclass",FALSE,0,0.0729735451898482,7,6
71,"pred_only","z","zafter","cosine","random_useall","drop","122","random",TRUE,0,0.0729800475663531,6,5
238,"truth","z","zbefore","cosine","random_l3","drop","124","random",FALSE,3,0.073042661577137,5,5
238,"union","z","zbefore","cosine","random_l3","drop","124","random",FALSE,3,0.073042661577137,5,6
233,"truth","none","zafter","euclid","random_l3","drop","124","random",FALSE,3,0.0731204884135028,5,3
233,"union","none","zafter","euclid","random_l3","drop","124","random",FALSE,3,0.0731204884135028,5,4
86,"truth","z","zbefore","cosine","random_l3","drop","122","random",FALSE,3,0.0731795555239089,6,4
86,"union","z","zbefore","cosine","random_l3","drop","122","random",FALSE,3,0.0731795555239089,6,5
231,"truth","none","zbefore","euclid","random_l3","drop","124","random",FALSE,3,0.0732207843574167,4,3
231,"union","none","zbefore","euclid","random_l3","drop","124","random",FALSE,3,0.0732207843574167,4,4
116,"pred_only","z","zafter","euclid","nearest","keep","122","nearest",FALSE,0,0.0732238027522522,6,5
209,"pred_only","none","zafter","euclid","lowclass","drop","124","lowclass",FALSE,0,0.0733535831079501,11,4
224,"pred_only","z","none","cosine","random_useall","drop","124","random",TRUE,0,0.0733913987750423,8,5
77,"truth","z","zbefore","euclid","random_l3","drop","122","random",FALSE,3,0.0735498921821794,4,3
77,"union","z","zbefore","euclid","random_l3","drop","122","random",FALSE,3,0.0735498921821794,4,4
256,"pred_only","z","zbefore","euclid","nearest","keep","124","nearest",FALSE,0,0.0735939112745733,5,6
292,"pred_only","z","zbefore","euclid","random_l3","keep","124","random",FALSE,3,0.0740193592625995,7,6
188,"pred_only","z","none","cosine","random","drop","124","random",FALSE,0,0.0740207421916222,7,4
17,"pred_only","z","zafter","cosine","random","drop","122","random",FALSE,0,0.0740474382362708,7,4
258,"pred_only","z","zafter","euclid","nearest","keep","124","nearest",FALSE,0,0.0741250579651217,4,6
192,"pred_only","z","zafter","cosine","random","drop","124","random",FALSE,0,0.0741691476597486,6,5
32,"avgPR","z","zbefore","cosine","nearest","drop","122","nearest",FALSE,0,0.0742132782214414,5,5
268,"pred_only","z","zbefore","euclid","lowclass","keep","124","lowclass",FALSE,0,0.0742253585590965,6,6
228,"pred_only","z","zafter","cosine","random_useall","drop","124","random",TRUE,0,0.0742648962761817,6,6
294,"truth","z","zafter","euclid","random_l3","keep","124","random",FALSE,3,0.0742681610164,5,5
294,"union","z","zafter","euclid","random_l3","keep","124","random",FALSE,3,0.0742681610164,5,6
134,"pred_only","z","zafter","euclid","lowclass","keep","122","lowclass",FALSE,0,0.0743135854255767,5,5
202,"avgPR","z","zbefore","cosine","nearest","drop","124","nearest",FALSE,0,0.0743274071846057,3,6
22,"pred_only","none","zbefore","euclid","nearest","drop","122","nearest",FALSE,0,0.0743430834920323,9,3
236,"pred_only","z","none","cosine","random_l3","drop","124","random",FALSE,3,0.0743446243732633,6,5
8,"pred_only","z","zafter","euclid","random","drop","122","random",FALSE,0,0.0743838491575769,6,3
62,"pred_only","z","zafter","euclid","random_useall","drop","122","random",TRUE,0,0.0744007179282337,6,4
89,"pred_only","z","zafter","cosine","random_l3","drop","122","random",FALSE,3,0.074741221205375,7,5
6,"pred_only","z_obs","zbefore","euclid","random","drop","122","random",FALSE,0,0.0748283713672542,6,3
292,"truth","z","zbefore","euclid","random_l3","keep","124","random",FALSE,3,0.0748483843526293,4,5
292,"union","z","zbefore","euclid","random_l3","keep","124","random",FALSE,3,0.0748483843526293,4,6
60,"pred_only","z_obs","zbefore","euclid","random_useall","drop","122","random",TRUE,0,0.0748672794533096,4,4
195,"pred_only","none","zbefore","euclid","nearest","drop","124","nearest",FALSE,0,0.0748746042752959,7,4
9,"pred_only","z_obs","zafter","euclid","random","drop","122","random",FALSE,0,0.0749345246240402,5,3
238,"avgPR","z","zbefore","cosine","random_l3","drop","124","random",FALSE,3,0.0753191644755058,5,6
231,"pred_only","none","zbefore","euclid","random_l3","drop","124","random",FALSE,3,0.0753221607849057,10,4
131,"pred_only","z","zbefore","euclid","lowclass","keep","122","lowclass",FALSE,0,0.0753354395620131,6,5
77,"pred_only","z","zbefore","euclid","random_l3","drop","122","random",FALSE,3,0.0754179431020467,7,4
197,"pred_only","none","zafter","euclid","nearest","drop","124","nearest",FALSE,0,0.0755409597157125,6,4
231,"avgPR","none","zbefore","euclid","random_l3","drop","124","random",FALSE,3,0.0755570844340158,5,4
53,"pred_only","z","zafter","cosine","lowclass","drop","122","lowclass",FALSE,0,0.0757132595362291,5,5
233,"avgPR","none","zafter","euclid","random_l3","drop","124","random",FALSE,3,0.0757704383941776,5,4
86,"avgPR","z","zbefore","cosine","random_l3","drop","122","random",FALSE,3,0.0758543784263096,5,5
264,"pred_only","z","zafter","cosine","nearest","keep","124","nearest",FALSE,0,0.0759482568274016,7,7
25,"pred_only","none","zafter","euclid","nearest","drop","122","nearest",FALSE,0,0.0760273331562994,9,3
125,"pred_only","z","zafter","cosine","nearest","keep","122","nearest",FALSE,0,0.0760786786794406,7,6
232,"avgPR","z","zbefore","euclid","random_l3","drop","124","random",FALSE,3,0.0761003279856766,5,5
83,"pred_only","z","none","cosine","random_l3","drop","122","random",FALSE,3,0.0761285780963902,5,4
63,"pred_only","z_obs","zafter","euclid","random_useall","drop","122","random",TRUE,0,0.0762512654397945,6,4
114,"pred_only","z_obs","zbefore","euclid","nearest","keep","122","nearest",FALSE,0,0.0762661147594755,7,5
186,"pred_only","z","zafter","euclid","random","drop","124","random",FALSE,0,0.0762970976430292,5,4
234,"avgPR","z","zafter","euclid","random_l3","drop","124","random",FALSE,3,0.0763136819458384,5,5
222,"pred_only","z","zafter","euclid","random_useall","drop","124","random",TRUE,0,0.0763863913423266,6,5
78,"pred_only","z_obs","zbefore","euclid","random_l3","drop","122","random",FALSE,3,0.0765190843191791,7,4
82,"avgPR","none","none","cosine","random_l3","drop","122","random",FALSE,3,0.0765419541045392,4,3
216,"pred_only","z","zafter","cosine","lowclass","drop","124","lowclass",FALSE,0,0.0767803906171106,4,6
238,"pred_only","z","zbefore","cosine","random_l3","drop","124","random",FALSE,3,0.0770250735652067,8,6
117,"pred_only","z_obs","zafter","euclid","nearest","keep","122","nearest",FALSE,0,0.0770955423344067,6,5
234,"pred_only","z","zafter","euclid","random_l3","drop","124","random",FALSE,3,0.0771768933666455,5,5
14,"pred_only","z","zbefore","cosine","random","drop","122","random",FALSE,0,0.0772687259886182,7,4
270,"pred_only","z","zafter","euclid","lowclass","keep","124","lowclass",FALSE,0,0.0772858344672729,6,6
47,"pred_only","z","none","cosine","lowclass","drop","122","lowclass",FALSE,0,0.0772955305483853,5,4
68,"pred_only","z","zbefore","cosine","random_useall","drop","122","random",TRUE,0,0.0773190196226249,7,5
235,"avgPR","none","none","cosine","random_l3","drop","124","random",FALSE,3,0.0773623028617286,4,4
42,"pred_only","z_obs","zbefore","euclid","lowclass","drop","122","lowclass",FALSE,0,0.0776060088821152,6,4
234,"truth","z","zafter","euclid","random_l3","drop","124","random",FALSE,3,0.0777034992142998,5,4
234,"union","z","zafter","euclid","random_l3","drop","124","random",FALSE,3,0.0777034992142998,5,5
88,"avgPR","none","zafter","cosine","random_l3","drop","122","random",FALSE,3,0.0777207510180921,2,4
239,"avgPR","none","zafter","cosine","random_l3","drop","124","random",FALSE,3,0.0777265802477657,2,5
119,"pred_only","z","none","cosine","nearest","keep","122","nearest",FALSE,0,0.0777323785467547,6,5
232,"truth","z","zbefore","euclid","random_l3","drop","124","random",FALSE,3,0.0778037951582137,4,4
232,"union","z","zbefore","euclid","random_l3","drop","124","random",FALSE,3,0.0778037951582137,4,5
226,"pred_only","z","zbefore","cosine","random_useall","drop","124","random",TRUE,0,0.0780784794771456,7,6
175,"avgPR","none","zbefore","cosine","random_l3","keep","122","random",FALSE,3,0.0781317634749514,2,5
45,"pred_only","z_obs","zafter","euclid","lowclass","drop","122","lowclass",FALSE,0,0.0781738473016703,6,4
23,"pred_only","z","zbefore","euclid","nearest","drop","122","nearest",FALSE,0,0.0783126027980472,6,4
297,"avgPR","none","zbefore","cosine","random_l3","keep","124","random",FALSE,3,0.0784309952842986,2,6
260,"pred_only","z","none","cosine","nearest","keep","124","nearest",FALSE,0,0.0785148424577491,6,6
50,"pred_only","z","zbefore","cosine","lowclass","drop","122","lowclass",FALSE,0,0.0789036492428451,5,5
208,"pred_only","z","zbefore","euclid","lowclass","drop","124","lowclass",FALSE,0,0.0789849556964456,5,5
86,"pred_only","z","zbefore","cosine","random_l3","drop","122","random",FALSE,3,0.0790954826555895,6,5
41,"pred_only","z","zbefore","euclid","lowclass","drop","122","lowclass",FALSE,0,0.0791636048574514,5,4
212,"pred_only","z","none","cosine","lowclass","drop","124","lowclass",FALSE,0,0.0792627935693637,4,5
232,"pred_only","z","zbefore","euclid","random_l3","drop","124","random",FALSE,3,0.0797026643131406,6,5
196,"pred_only","z","zbefore","euclid","nearest","drop","124","nearest",FALSE,0,0.0797034457861832,5,5
44,"pred_only","z","zafter","euclid","lowclass","drop","122","lowclass",FALSE,0,0.0797314432770065,5,4
26,"pred_only","z","zafter","euclid","nearest","drop","122","nearest",FALSE,0,0.0799968524623144,6,4
190,"pred_only","z","zbefore","cosine","random","drop","124","random",FALSE,0,0.0802817035979269,6,5
198,"pred_only","z","zafter","euclid","nearest","drop","124","nearest",FALSE,0,0.0803698012265998,4,5
214,"pred_only","z","zbefore","cosine","lowclass","drop","124","lowclass",FALSE,0,0.0804395923924095,4,6
24,"pred_only","z_obs","zbefore","euclid","nearest","drop","122","nearest",FALSE,0,0.0813899778306409,6,4
122,"pred_only","z","zbefore","cosine","nearest","keep","122","nearest",FALSE,0,0.0819071419878151,5,6
262,"pred_only","z","zbefore","cosine","nearest","keep","124","nearest",FALSE,0,0.0821828377534875,5,7
85,"avgPR","none","zbefore","cosine","random_l3","drop","122","random",FALSE,3,0.0823692610706601,2,4
237,"avgPR","none","zbefore","cosine","random_l3","drop","124","random",FALSE,3,0.0825596874408858,2,5
27,"pred_only","z_obs","zafter","euclid","nearest","drop","122","nearest",FALSE,0,0.083074227494908,6,4
210,"pred_only","z","zafter","euclid","lowclass","drop","124","lowclass",FALSE,0,0.0831499177314487,5,5
204,"pred_only","z","zafter","cosine","nearest","drop","124","nearest",FALSE,0,0.0833672495156895,6,6
35,"pred_only","z","zafter","cosine","nearest","drop","122","nearest",FALSE,0,0.0834984733305286,6,5
29,"pred_only","z","none","cosine","nearest","drop","122","nearest",FALSE,0,0.0842391746575416,5,4
200,"pred_only","z","none","cosine","nearest","drop","124","nearest",FALSE,0,0.0850250043924717,5,5
32,"pred_only","z","zbefore","cosine","nearest","drop","122","nearest",FALSE,0,0.0892144379212711,4,5
202,"pred_only","z","zbefore","cosine","nearest","drop","124","nearest",FALSE,0,0.089476031847221,4,6
